Workbook

Sheet 그린폰단가
A1: 제조사 | B1: 단말정보 | D1: 매입가
B2: 모델명 | C2: 펫네임 | D2: A+ | E2: A | F2: B
A3: 애플 | B3: AIP6 16 | C3: 아이폰 6 | D3: 20000 | E3: 20000 | F3: 2000
B4: AIP6 64 | C4: 아이폰 6 | D4: 30000 | E4: 30000 | F4: 3000
B5: AIP6 128 | C5: 아이폰 6 | D5: 30000 | E5: 30000 | F5: 3000
B6: AIP6P 16 | C6: 아이폰 6+ | D6: 35000 | E6: 35000 | F6: 4000
B7: AIP6P 64 | C7: 아이폰 6+ | D7: 50000 | E7: 50000 | F7: 5000
B8: AIP6P 128 | C8: 아이폰 6+ | D8: 50000 | E8: 50000 | F8: 5000
B9: AIP6S 16 | C9: 아이폰 6S | D9: 30000 | E9: 30000 | F9: 3000
B10: AIP6S 64 | C10: 아이폰 6S | D10: 45000 | E10: 45000 | F10: 5000
B11: AIP6S 128 | C11: 아이폰 6S | D11: 45000 | E11: 45000 | F11: 5000
B12: AIP6SP 16 | C12: 아이폰 6S+ | D12: 80000 | E12: 80000 | F12: 8000
B13: AIP6SP 64 | C13: 아이폰 6S+ | D13: 100000 | E13: 100000 | F13: 10000
B14: AIP6SP 128 | C14: 아이폰 6S+ | D14: 100000 | E14: 100000 | F14: 10000
B15: AIP7 32 | C15: 아이폰 7 | D15: 70000 | E15: 70000 | F15: 7000
... B35: AIPXSM 512 | C35: 아이폰 XS MAX | D35: 560000 | E35: 560000 | F35: 56000
A36: 삼성 | B36: SM-G920K/S/L | C36: 갤럭시 S6 | D36: 15000 | E36: 15000 | F36: 2000
B37: SM-G925K/S/L | C37: 갤럭시 S6 엣지 | D37: 20000 | E37: 20000 | F37: 2000
B38: SM-G928K/S/L | C38: 갤럭시 S6 엣지 Plus | D38: 50000 | E38: 50000 | F38: 5000
B39: SM-G930K/S/L | C39: 갤럭시 S7 | D39: 40000 | E39: 40000 | F39: 4000
B40: SM-G935K/S/L | C40: 갤럭시 S7 엣지 | D40: 65000 | E40: 65000 | F40: 7000
B41: SM-950N(K/S/L) | C41: 갤럭시 S8 | D41: 125000 | E41: 125000 | F41: 13000
B42: SM-G955N(K/S/L) | C42: 갤럭시 S8 플러스 | D42: 155000 | E42: 155000 | F42: 16000
B43: SM-G960 | C43: 갤럭시 S9 | D43: 180000 | E43: 180000 | F43: 18000
B44: SM-G965 | C44: 갤럭시 S9 플러스 | D44: 215000 | E44: 215000 | F44: 22000
B45: SM-A510K/S/L | C45: 갤럭시 A 5 2016 | D45: 10000 | E45: 10000 | F45: 1000
B46: SM-A520K/S/L | C46: 갤럭시 A 5 2017 | D46: 20000 | E46: 20000 | F46: 2000
B47: SM-A710K/S/L | C47: 갤럭시 A 7 2016 | D47: 15000 | E47: 15000 | F47: 2000
B48: SM-A750N | C48: 갤럭시 A 7 2018 | D48: 65000 | E48: 65000 | F48: 7000
... B60: SM-J730K | C60: Galaxy J7 2017 | D60: 30000 | E60: 30000 | F60: 3000
A61: 엘지 | B61: LGM-G600K | C61: G6 | D61: 5000 | E61: 5000 | F61: 1000
B62: LGM-G710K | C62: G7 | D62: 45000 | E62: 45000 | F62: 5000
B63: LG-F600K | C63: V10 | D63: 5000 | E63: 5000 | F63: 1000
B64: LG-F800K | C64: V20 | D64: 5000 | E64: 5000 | F64: 1000
B65: LG-V300K | C65: V30 | D65: 20000 | E65: 20000 | F65: 2000
B66: LG-X600 | C66: Q6 | D66: 5000 | E66: 5000 | F66: 1000

Sheet 안내

Sheet 주요정책 및 유의사항
B2: 유형 | C2: 요금제 | D2: 모델 | E2: 혜택 | F2: 비고
B3: 전유형 | C3: 베이직 | D3: 갤럭시 폴더블4 | E3: 최대 62만원 | F3: 플립4/폴더4
B4: 전유형 | C4: 베이직 | D4: 갤럴시 S22(화이트) | E4: 최대 62만원 | F4: 10대 한정
B5: 전유형 | C5: 슬림이상 | D5: 갤럭시 A33 | E5: 최소 50만원 | F5: 슬림이상 단말 "0원"
B6: 전유형 | C6: 세이브이상 | D6: 갤럭시 점프2 | E6: 최소 40만원 | F6: 전요금 단말 "0원"
B7: 전유형 | C7: 슬림플러스이상 | D7: 아이폰SE3_128G | E7: 최소 50만원 | F7: 슬림P이상 단말 "0원"
B9: ■ 유의사항
B10: 대상 | C10: 요금할인 | D10: 내용
B11: 요금제하향 | C11: 122일 이후 | D11: 차액정산금 미발생되는 최저 요금제 확인 필수
B12: 단기해지 | C12: 180일 | D12: 기간 內 지급액 전액 환수, 이후 사내특판 혜택 적용 불가
B13: 5G 기존 가입자 | C13: 180일 | D13: 기간 內 사내판매 혜택적용 불가
B14: 고객 VOC | D14: 권유자 전달 및 소명 진행
B16: ■ 지급
B17: 대상 | C17: 지급방법 | D17: 지급시기 | E17: 내용
B18: 고객 | C18: 개통단말 | D18: 개통즉시 | E18: 출고가에서 바로 할인
B19: 권유자 | C19: 복리포인트/현금 | D19: 익월23일 | E19: 0~15만/건

Sheet Sheet1
B3: 모델 | C3: 요금제 | D3: MNP | E3: 비고
B4: 갤럭시 S23 | C4: 베이직 | D4: 640000 | E4: 요금할인만 운영 권유자 혜택 (Max 15만원)_정책 內
C5: 심플 | D5: 540000
C6: 슬림플러스 | D6: 540000
C7: 슬림 | D7: 540000
C8: 세이브 | D8: 440000
B9: 아이폰 SE3 | C9: 베이직 | D9: 550000
C10: 심플 | D10: 490000
C11: 슬림플러스 | D11: 490000
C12: 슬림 | D12: 450000
C13: 세이브 | D13: 390000
B14: 아이폰 14 | C14: 베이직 | D14: 450000
C15: 심플 | D15: 410000
C16: 슬림플러스 | D16: 410000
C17: 슬림 | D17: 370000
C18: 세이브 | D18: 290000
B19: * 기타모델은 재고 문의 후 접수 필요
B22: 모델 | D22: 5G | E22: 비고
B23: A7(Lite), A9+, S9 | D23: 150000 | E23: - 모단말 요금제 121일이상 유지조건 단, 010신규 한정 181일 이상 유지조건 - 동일명의 당월 개통건 한정 - 폰(신규/기변 가능), 2nd(신규만가능)
B24: 갤럭시 북3 Go 5G | D24: 150000
B25: 워치 5~8 | D25: 200000
B26: 워치 울트라 | D26: 240000
B27: 애플 워치 SE2, 7 | D27: 150000
B28: * 동일 제조사에 한해 정책 지원
B29: * 대상 모델: 갤럭시 워치(S25군, 폴더블6/7, S24군, S23군, S22군, 폴더블5, 폴더블4, 폴드3 한정)
B30: 애플워치(아이폰 14/15 포함한 아이폰류)

Sheet 사내 MGM_1Q 1호(0101 ~)
D1: 사이트: | F1: https://shopmns.com/ktmnsmgm
E2: 공통지원금(확인사이트): | H2: 공통지원금 | 휴대폰지원금 | KT
E4: 공통지원금, 요금할인 개통가능
D7: 제조사 | E7: 구분 | F7: 모델명 | G7: 모델펫네임 | H7: 출고가 | I7: 요금제 | J7: 요금제 구간 | K7: 합계 | N7: 권유자선택 | P7: 고객 즉시할인 | R7: 고객선택 | S7: 요금할인
A8: 모델 | B8: 출고가 | C8: 모델명&요금제 | K8: 010신규 | L8: 번호이동 | M8: 기기변경 | N8: 0원 | O8: 010신규 | P8: 번호이동 | Q8: 기기변경 | R8: 기기변경 | S8: 최종할부금 | T8: 월요금(예상)
D9: 유심 | E9: 5G | F9: 유심단독 | I9: 베이직 | J9: 80K이상 | K9: 170000 | L9: 300000
G10: NZA0003759 | I10: 심플30G | J10: 61K~80K미만 | K10: 150000 | L10: 220000
G11: 기업무선_유심_중고(그룹사) | I11: 슬림10G | J11: 49K~61K미만 | K11: 120000 | L11: 180000
I12: 슬림4G | J12: 33K~49K미만 | K12: 80000 | L12: 130000
A13: SM-F766NK | B13: =VLOOKUP($A13,출고가!$C:$E,3,FALSE) -> 1485000 | C13: =A13&I13 -> SM-F766NK베이직 | D13: 삼성 | E13: 5G | F13: =A13 -> SM-F766NK | G13: =VLOOKUP(F13,[1]출고가!C:D,2,0) -> 갤럭시 Z Flip7 | H13: =B13 -> 1485000 | I13: 베이직 | J13: 80K이상 | K13: 580000 | L13: 580000 | M13: 580000 | N13: =IF($N$8="0원",0,IF($N$8="5만",50000,IF($N$8="10만",100000,150000))) -> 0 | O13: =IF(K13-$N13>0,K13-$N13,0) -> 580000 | P13: =IF(L13-$N13>0,L13-$N13,0) -> 580000 | Q13: =IF(M13-$N13>0,M13-$N13,0) -> 580000 | R13: =IF($R$8=$O$8,O13,IF($R$8=$P$8,P13,Q13)) -> 580000 | S13: =IF(B13-R13>0,B13-R13,0) -> 905000 | T13: =ROUNDDOWN((S13/24*1.059)+(VLOOKUP(I13,구분자!$P:$Q,2,FALSE)*0.75),-3) -> 99000
A14: SM-F766NK | B14: =VLOOKUP($A14,출고가!$C:$E,3,FALSE) -> 1485000 | C14: =A14&I14 -> SM-F766NK심플30G | I14: 심플30G | J14: 61K~80K미만 | K14: 530000 | L14: 530000 | M14: 530000 | N14: =IF($N$8="0원",0,IF($N$8="5만",50000,IF($N$8="10만",100000,150000))) -> 0 | O14: =IF(K14-$N14>0,K14-$N14,0) -> 530000 | P14: =IF(L14-$N14>0,L14-$N14,0) -> 530000 | Q14: =IF(M14-$N14>0,M14-$N14,0) -> 530000 | R14: =IF($R$8=$O$8,O14,IF($R$8=$P$8,P14,Q14)) -> 530000 | S14: =IF(B14-R14>0,B14-R14,0) -> 955000 | T14: =ROUNDDOWN((S14/24*1.059)+(VLOOKUP(I14,구분자!$P:$Q,2,FALSE)*0.75),-3) -> 87000
A15: SM-F766NK | B15: =VLOOKUP($A15,출고가!$C:$E,3,FALSE) -> 1485000 | C15: =A15&I15 -> SM-F766NK슬림10G | I15: 슬림10G | J15: 49K~61K미만 | K15: 480000 | L15: 480000 | M15: 480000 | N15: =IF($N$8="0원",0,IF($N$8="5만",50000,IF($N$8="10만",100000,150000))) -> 0 | O15: =IF(K15-$N15>0,K15-$N15,0) -> 480000 | P15: =IF(L15-$N15>0,L15-$N15,0) -> 480000 | Q15: =IF(M15-$N15>0,M15-$N15,0) -> 480000 | R15: =IF($R$8=$O$8,O15,IF($R$8=$P$8,P15,Q15)) -> 480000 | S15: =IF(B15-R15>0,B15-R15,0) -> 1005000 | T15: =ROUNDDOWN((S15/24*1.059)+(VLOOKUP(I15,구분자!$P:$Q,2,FALSE)*0.75),-3) -> 81000
A16: SM-F766NK | B16: =VLOOKUP($A16,출고가!$C:$E,3,FALSE) -> 1485000 | C16: =A16&I16 -> SM-F766NK슬림4G | I16: 슬림4G | J16: 33K~49K미만 | K16: 350000 | L16: 350000 | M16: 350000 | N16: =IF($N$8="0원",0,IF($N$8="5만",50000,IF($N$8="10만",100000,150000))) -> 0 | O16: =IF(K16-$N16>0,K16-$N16,0) -> 350000 | P16: =IF(L16-$N16>0,L16-$N16,0) -> 350000 | Q16: =IF(M16-$N16>0,M16-$N16,0) -> 350000 | R16: =IF($R$8=$O$8,O16,IF($R$8=$P$8,P16,Q16)) -> 350000 | S16: =IF(B16-R16>0,B16-R16,0) -> 1135000 | T16: =ROUNDDOWN((S16/24*1.059)+(VLOOKUP(I16,구분자!$P:$Q,2,FALSE)*0.75),-3) -> 77000
A17: SM-F766NK512 | B17: =VLOOKUP($A17,출고가!$C:$E,3,FALSE) -> 1643400 | C17: =A17&I17 -> SM-F766NK512베이직 | E17: 5G | F17: =A17 -> SM-F766NK512 | G17: =VLOOKUP(F17,[1]출고가!C:D,2,0) -> 갤럭시 Z Flip7 512GB | H17: =B17 -> 1643400 | I17: 베이직 | J17: 80K이상 | K17: 580000 | L17: 580000 | M17: 580000 | N17: =IF($N$8="0원",0,IF($N$8="5만",50000,IF($N$8="10만",100000,150000))) -> 0 | O17: =IF(K17-$N17>0,K17-$N17,0) -> 580000 | P17: =IF(L17-$N17>0,L17-$N17,0) -> 580000 | Q17: =IF(M17-$N17>0,M17-$N17,0) -> 580000 | R17: =IF($R$8=$O$8,O17,IF($R$8=$P$8,P17,Q17)) -> 580000 | S17: =IF(B17-R17>0,B17-R17,0) -> 1063400 | T17: =ROUNDDOWN((S17/24*1.059)+(VLOOKUP(I17,구분자!$P:$Q,2,FALSE)*0.75),-3) -> 106000
A18: SM-F766NK512 | B18: =VLOOKUP($A18,출고가!$C:$E,3,FALSE) -> 1643400 | C18: =A18&I18 -> SM-F766NK512심플30G | I18: 심플30G | J18: 61K~80K미만 | K18: 530000 | L18: 530000 | M18: 530000 | N18: =IF($N$8="0원",0,IF($N$8="5만",50000,IF($N$8="10만",100000,150000))) -> 0 | O18: =IF(K18-$N18>0,K18-$N18,0) -> 530000 | P18: =IF(L18-$N18>0,L18-$N18,0) -> 530000 | Q18: =IF(M18-$N18>0,M18-$N18,0) -> 530000 | R18: =IF($R$8=$O$8,O18,IF($R$8=$P$8,P18,Q18)) -> 530000 | S18: =IF(B18-R18>0,B18-R18,0) -> 1113400 | T18: =ROUNDDOWN((S18/24*1.059)+(VLOOKUP(I18,구분자!$P:$Q,2,FALSE)*0.75),-3) -> 94000
A19: SM-F766NK512 | B19: =VLOOKUP($A19,출고가!$C:$E,3,FALSE) -> 1643400 | C19: =A19&I19 -> SM-F766NK512슬림10G | G19: 재고 문의필요 | I19: 슬림10G | J19: 49K~61K미만 | K19: 480000 | L19: 480000 | M19: 480000 | N19: =IF($N$8="0원",0,IF($N$8="5만",50000,IF($N$8="10만",100000,150000))) -> 0 | O19: =IF(K19-$N19>0,K19-$N19,0) -> 480000 | P19: =IF(L19-$N19>0,L19-$N19,0) -> 480000 | Q19: =IF(M19-$N19>0,M19-$N19,0) -> 480000 | R19: =IF($R$8=$O$8,O19,IF($R$8=$P$8,P19,Q19)) -> 480000 | S19: =IF(B19-R19>0,B19-R19,0) -> 1163400 | T19: =ROUNDDOWN((S19/24*1.059)+(VLOOKUP(I19,구분자!$P:$Q,2,FALSE)*0.75),-3) -> 88000
A20: SM-F766NK512 | B20: =VLOOKUP($A20,출고가!$C:$E,3,FALSE) -> 1643400 | C20: =A20&I20 -> SM-F766NK512슬림4G | I20: 슬림4G | J20: 33K~49K미만 | K20: 350000 | L20: 350000 | M20: 350000 | N20: =IF($N$8="0원",0,IF($N$8="5만",50000,IF($N$8="10만",100000,150000))) -> 0 | O20: =IF(K20-$N20>0,K20-$N20,0) -> 350000 | P20: =IF(L20-$N20>0,L20-$N20,0) -> 350000 | Q20: =IF(M20-$N20>0,M20-$N20,0) -> 350000 | R20: =IF($R$8=$O$8,O20,IF($R$8=$P$8,P20,Q20)) -> 350000 | S20: =IF(B20-R20>0,B20-R20,0) -> 1293400 | T20: =ROUNDDOWN((S20/24*1.059)+(VLOOKUP(I20,구분자!$P:$Q,2,FALSE)*0.75),-3) -> 84000
A21: SM-F966NK | B21: =VLOOKUP($A21,출고가!$C:$E,3,FALSE) -> 2379300 | C21: =A21&I21 -> SM-F966NK베이직 | E21: 5G | F21: =A21 -> SM-F966NK | G21: =VLOOKUP(F21,[1]출고가!C:D,2,0) -> 갤럭시 Z Fold7 | H21: =B21 -> 2379300 | I21: 베이직 | J21: 80K이상 | K21: 580000 | L21: 580000 | M21: 580000 | N21: =IF($N$8="0원",0,IF($N$8="5만",50000,IF($N$8="10만",100000,150000))) -> 0 | O21: =IF(K21-$N21>0,K21-$N21,0) -> 580000 | P21: =IF(L21-$N21>0,L21-$N21,0) -> 580000 | Q21: =IF(M21-$N21>0,M21-$N21,0) -> 580000 | R21: =IF($R$8=$O$8,O21,IF($R$8=$P$8,P21,Q21)) -> 580000 | S21: =IF(B21-R21>0,B21-R21,0) -> 1799300 | T21: =ROUNDDOWN((S21/24*1.059)+(VLOOKUP(I21,구분자!$P:$Q,2,FALSE)*0.75),-3) -> 139000
A22: SM-F966NK | B22: =VLOOKUP($A22,출고가!$C:$E,3,FALSE) -> 2379300 | C22: =A22&I22 -> SM-F966NK심플30G | I22: 심플30G | J22: 61K~80K미만 | K22: 530000 | L22: 530000 | M22: 530000 | N22: =IF($N$8="0원",0,IF($N$8="5만",50000,IF($N$8="10만",100000,150000))) -> 0 | O22: =IF(K22-$N22>0,K22-$N22,0) -> 530000 | P22: =IF(L22-$N22>0,L22-$N22,0) -> 530000 | Q22: =IF(M22-$N22>0,M22-$N22,0) -> 530000 | R22: =IF($R$8=$O$8,O22,IF($R$8=$P$8,P22,Q22)) -> 530000 | S22: =IF(B22-R22>0,B22-R22,0) -> 1849300 | T22: =ROUNDDOWN((S22/24*1.059)+(VLOOKUP(I22,구분자!$P:$Q,2,FALSE)*0.75),-3) -> 127000
A23: SM-F966NK | B23: =VLOOKUP($A23,출고가!$C:$E,3,FALSE) -> 2379300 | C23: =A23&I23 -> SM-F966NK슬림10G | I23: 슬림10G | J23: 49K~61K미만 | K23: 480000 | L23: 480000 | M23: 480000 | N23: =IF($N$8="0원",0,IF($N$8="5만",50000,IF($N$8="10만",100000,150000))) -> 0 | O23: =IF(K23-$N23>0,K23-$N23,0) -> 480000 | P23: =IF(L23-$N23>0,L23-$N23,0) -> 480000 | Q23: =IF(M23-$N23>0,M23-$N23,0) -> 480000 | R23: =IF($R$8=$O$8,O23,IF($R$8=$P$8,P23,Q23)) -> 480000 | S23: =IF(B23-R23>0,B23-R23,0) -> 1899300 | T23: =ROUNDDOWN((S23/24*1.059)+(VLOOKUP(I23,구분자!$P:$Q,2,FALSE)*0.75),-3) -> 121000
A24: SM-F966NK | B24: =VLOOKUP($A24,출고가!$C:$E,3,FALSE) -> 2379300 | C24: =A24&I24 -> SM-F966NK슬림4G | I24: 슬림4G | J24: 33K~49K미만 | K24: 350000 | L24: 350000 | M24: 350000 | N24: =IF($N$8="0원",0,IF($N$8="5만",50000,IF($N$8="10만",100000,150000))) -> 0 | O24: =IF(K24-$N24>0,K24-$N24,0) -> 350000 | P24: =IF(L24-$N24>0,L24-$N24,0) -> 350000 | Q24: =IF(M24-$N24>0,M24-$N24,0) -> 350000 | R24: =IF($R$8=$O$8,O24,IF($R$8=$P$8,P24,Q24)) -> 350000 | S24: =IF(B24-R24>0,B24-R24,0) -> 2029300 | T24: =ROUNDDOWN((S24/24*1.059)+(VLOOKUP(I24,구분자!$P:$Q,2,FALSE)*0.75),-3) -> 117000
A25: SM-F966NK512 | B25: =VLOOKUP($A25,출고가!$C:$E,3,FALSE) -> 2537700 | C25: =A25&I25 -> SM-F966NK512베이직 | E25: 5G | F25: =A25 -> SM-F966NK512 | G25: =VLOOKUP(F25,[1]출고가!C:D,2,0) -> 갤럭시 Z Fold7 512GB | H25: =B25 -> 2537700 | I25: 베이직 | J25: 80K이상 | K25: 580000 | L25: 580000 | M25: 580000 | N25: =IF($N$8="0원",0,IF($N$8="5만",50000,IF($N$8="10만",100000,150000))) -> 0 | O25: =IF(K25-$N25>0,K25-$N25,0) -> 580000 | P25: =IF(L25-$N25>0,L25-$N25,0) -> 580000 | Q25: =IF(M25-$N25>0,M25-$N25,0) -> 580000 | R25: =IF($R$8=$O$8,O25,IF($R$8=$P$8,P25,Q25)) -> 580000 | S25: =IF(B25-R25>0,B25-R25,0) -> 1957700 | T25: =ROUNDDOWN((S25/24*1.059)+(VLOOKUP(I25,구분자!$P:$Q,2,FALSE)*0.75),-3) -> 146000
A26: SM-F966NK512 | B26: =VLOOKUP($A26,출고가!$C:$E,3,FALSE) -> 2537700 | C26: =A26&I26 -> SM-F966NK512심플30G | I26: 심플30G | J26: 61K~80K미만 | K26: 530000 | L26: 530000 | M26: 530000 | N26: =IF($N$8="0원",0,IF($N$8="5만",50000,IF($N$8="10만",100000,150000))) -> 0 | O26: =IF(K26-$N26>0,K26-$N26,0) -> 530000 | P26: =IF(L26-$N26>0,L26-$N26,0) -> 530000 | Q26: =IF(M26-$N26>0,M26-$N26,0) -> 530000 | R26: =IF($R$8=$O$8,O26,IF($R$8=$P$8,P26,Q26)) -> 530000 | S26: =IF(B26-R26>0,B26-R26,0) -> 2007700 | T26: =ROUNDDOWN((S26/24*1.059)+(VLOOKUP(I26,구분자!$P:$Q,2,FALSE)*0.75),-3) -> 134000
A27: SM-F966NK512 | B27: =VLOOKUP($A27,출고가!$C:$E,3,FALSE) -> 2537700 | C27: =A27&I27 -> SM-F966NK512슬림10G | G27: 재고 문의필요 | I27: 슬림10G | J27: 49K~61K미만 | K27: 480000 | L27: 480000 | M27: 480000 | N27: =IF($N$8="0원",0,IF($N$8="5만",50000,IF($N$8="10만",100000,150000))) -> 0 | O27: =IF(K27-$N27>0,K27-$N27,0) -> 480000 | P27: =IF(L27-$N27>0,L27-$N27,0) -> 480000 | Q27: =IF(M27-$N27>0,M27-$N27,0) -> 480000 | R27: =IF($R$8=$O$8,O27,IF($R$8=$P$8,P27,Q27)) -> 480000 | S27: =IF(B27-R27>0,B27-R27,0) -> 2057700 | T27: =ROUNDDOWN((S27/24*1.059)+(VLOOKUP(I27,구분자!$P:$Q,2,FALSE)*0.75),-3) -> 128000
A28: SM-F966NK512 | B28: =VLOOKUP($A28,출고가!$C:$E,3,FALSE) -> 2537700 | C28: =A28&I28 -> SM-F966NK512슬림4G | I28: 슬림4G | J28: 33K~49K미만 | K28: 350000 | L28: 350000 | M28: 350000 | N28: =IF($N$8="0원",0,IF($N$8="5만",50000,IF($N$8="10만",100000,150000))) -> 0 | O28: =IF(K28-$N28>0,K28-$N28,0) -> 350000 | P28: =IF(L28-$N28>0,L28-$N28,0) -> 350000 | Q28: =IF(M28-$N28>0,M28-$N28,0) -> 350000 | R28: =IF($R$8=$O$8,O28,IF($R$8=$P$8,P28,Q28)) -> 350000 | S28: =IF(B28-R28>0,B28-R28,0) -> 2187700 | T28: =ROUNDDOWN((S28/24*1.059)+(VLOOKUP(I28,구분자!$P:$Q,2,FALSE)*0.75),-3) -> 124000
A29: SM-S937NK | B29: =VLOOKUP($A29,출고가!$C:$E,3,FALSE) -> 1496000 | C29: =A29&I29 -> SM-S937NK베이직 | E29: 5G | F29: =A29 -> SM-S937NK | G29: =VLOOKUP(F29,출고가!C:D,2,0) -> 갤럭시S25 엣지 (256GB) | H29: =B29 -> 1496000 | I29: 베이직 | J29: 80K이상 | K29: 580000 | L29: 580000 | M29: 580000 | N29: =IF($N$8="0원",0,IF($N$8="5만",50000,IF($N$8="10만",100000,150000))) -> 0 | O29: =IF(K29-$N29>0,K29-$N29,0) -> 580000 | P29: =IF(L29-$N29>0,L29-$N29,0) -> 580000 | Q29: =IF(M29-$N29>0,M29-$N29,0) -> 580000 | R29: =IF($R$8=$O$8,O29,IF($R$8=$P$8,P29,Q29)) -> 580000 | S29: =IF(B29-R29>0,B29-R29,0) -> 916000 | T29: =ROUNDDOWN((S29/24*1.059)+(VLOOKUP(I29,구분자!$P:$Q,2,FALSE)*0.75),-3) -> 100000
A30: SM-S937NK | B30: =VLOOKUP($A30,출고가!$C:$E,3,FALSE) -> 1496000 | C30: =A30&I30 -> SM-S937NK심플30G | I30: 심플30G | J30: 61K~80K미만 | K30: 530000 | L30: 530000 | M30: 530000 | N30: =IF($N$8="0원",0,IF($N$8="5만",50000,IF($N$8="10만",100000,150000))) -> 0 | O30: =IF(K30-$N30>0,K30-$N30,0) -> 530000 | P30: =IF(L30-$N30>0,L30-$N30,0) -> 530000 | Q30: =IF(M30-$N30>0,M30-$N30,0) -> 530000 | R30: =IF($R$8=$O$8,O30,IF($R$8=$P$8,P30,Q30)) -> 530000 | S30: =IF(B30-R30>0,B30-R30,0) -> 966000 | T30: =ROUNDDOWN((S30/24*1.059)+(VLOOKUP(I30,구분자!$P:$Q,2,FALSE)*0.75),-3) -> 88000
A31: SM-S937NK | B31: =VLOOKUP($A31,출고가!$C:$E,3,FALSE) -> 1496000 | C31: =A31&I31 -> SM-S937NK슬림10G | I31: 슬림10G | J31: 49K~61K미만 | K31: 480000 | L31: 480000 | M31: 480000 | N31: =IF($N$8="0원",0,IF($N$8="5만",50000,IF($N$8="10만",100000,150000))) -> 0 | O31: =IF(K31-$N31>0,K31-$N31,0) -> 480000 | P31: =IF(L31-$N31>0,L31-$N31,0) -> 480000 | Q31: =IF(M31-$N31>0,M31-$N31,0) -> 480000 | R31: =IF($R$8=$O$8,O31,IF($R$8=$P$8,P31,Q31)) -> 480000 | S31: =IF(B31-R31>0,B31-R31,0) -> 1016000 | T31: =ROUNDDOWN((S31/24*1.059)+(VLOOKUP(I31,구분자!$P:$Q,2,FALSE)*0.75),-3) -> 82000
A32: SM-S937NK | B32: =VLOOKUP($A32,출고가!$C:$E,3,FALSE) -> 1496000 | C32: =A32&I32 -> SM-S937NK슬림4G | I32: 슬림4G | J32: 33K~49K미만 | K32: 350000 | L32: 350000 | M32: 350000 | N32: =IF($N$8="0원",0,IF($N$8="5만",50000,IF($N$8="10만",100000,150000))) -> 0 | O32: =IF(K32-$N32>0,K32-$N32,0) -> 350000 | P32: =IF(L32-$N32>0,L32-$N32,0) -> 350000 | Q32: =IF(M32-$N32>0,M32-$N32,0) -> 350000 | R32: =IF($R$8=$O$8,O32,IF($R$8=$P$8,P32,Q32)) -> 350000 | S32: =IF(B32-R32>0,B32-R32,0) -> 1146000 | T32: =ROUNDDOWN((S32/24*1.059)+(VLOOKUP(I32,구분자!$P:$Q,2,FALSE)*0.75),-3) -> 78000
A33: SM-S931NK | B33: =VLOOKUP($A33,출고가!$C:$E,3,FALSE) -> 1155000 | C33: =A33&I33 -> SM-S931NK베이직 | E33: 5G | F33: =A33 -> SM-S931NK | G33: =VLOOKUP(F33,출고가!C:D,2,0) -> 갤럭시S25 (256GB) | H33: =B33 -> 1155000 | I33: 베이직 | J33: 80K이상 | K33: 580000 | L33: 580000 | M33: 580000 | N33: =IF($N$8="0원",0,IF($N$8="5만",50000,IF($N$8="10만",100000,150000))) -> 0 | O33: =IF(K33-$N33>0,K33-$N33,0) -> 580000 | P33: =IF(L33-$N33>0,L33-$N33,0) -> 580000 | Q33: =IF(M33-$N33>0,M33-$N33,0) -> 580000 | R33: =IF($R$8=$O$8,O33,IF($R$8=$P$8,P33,Q33)) -> 580000 | S33: =IF(B33-R33>0,B33-R33,0) -> 575000 | T33: =ROUNDDOWN((S33/24*1.059)+(VLOOKUP(I33,구분자!$P:$Q,2,FALSE)*0.75),-3) -> 85000
A34: SM-S931NK | B34: =VLOOKUP($A34,출고가!$C:$E,3,FALSE) -> 1155000 | C34: =A34&I34 -> SM-S931NK심플30G | I34: 심플30G | J34: 61K~80K미만 | K34: 530000 | L34: 530000 | M34: 530000 | N34: =IF($N$8="0원",0,IF($N$8="5만",50000,IF($N$8="10만",100000,150000))) -> 0 | O34: =IF(K34-$N34>0,K34-$N34,0) -> 530000 | P34: =IF(L34-$N34>0,L34-$N34,0) -> 530000 | Q34: =IF(M34-$N34>0,M34-$N34,0) -> 530000 | R34: =IF($R$8=$O$8,O34,IF($R$8=$P$8,P34,Q34)) -> 530000 | S34: =IF(B34-R34>0,B34-R34,0) -> 625000 | T34: =ROUNDDOWN((S34/24*1.059)+(VLOOKUP(I34,구분자!$P:$Q,2,FALSE)*0.75),-3) -> 73000
A35: SM-S931NK | B35: =VLOOKUP($A35,출고가!$C:$E,3,FALSE) -> 1155000 | C35: =A35&I35 -> SM-S931NK슬림10G | I35: 슬림10G | J35: 49K~61K미만 | K35: 480000 | L35: 480000 | M35: 480000 | N35: =IF($N$8="0원",0,IF($N$8="5만",50000,IF($N$8="10만",100000,150000))) -> 0 | O35: =IF(K35-$N35>0,K35-$N35,0) -> 480000 | P35: =IF(L35-$N35>0,L35-$N35,0) -> 480000 | Q35: =IF(M35-$N35>0,M35-$N35,0) -> 480000 | R35: =IF($R$8=$O$8,O35,IF($R$8=$P$8,P35,Q35)) -> 480000 | S35: =IF(B35-R35>0,B35-R35,0) -> 675000 | T35: =ROUNDDOWN((S35/24*1.059)+(VLOOKUP(I35,구분자!$P:$Q,2,FALSE)*0.75),-3) -> 67000
A36: SM-S931NK | B36: =VLOOKUP($A36,출고가!$C:$E,3,FALSE) -> 1155000 | C36: =A36&I36 -> SM-S931NK슬림4G | I36: 슬림4G | J36: 33K~49K미만 | K36: 350000 | L36: 350000 | M36: 350000 | N36: =IF($N$8="0원",0,IF($N$8="5만",50000,IF($N$8="10만",100000,150000))) -> 0 | O36: =IF(K36-$N36>0,K36-$N36,0) -> 350000 | P36: =IF(L36-$N36>0,L36-$N36,0) -> 350000 | Q36: =IF(M36-$N36>0,M36-$N36,0) -> 350000 | R36: =IF($R$8=$O$8,O36,IF($R$8=$P$8,P36,Q36)) -> 350000 | S36: =IF(B36-R36>0,B36-R36,0) -> 805000 | T36: =ROUNDDOWN((S36/24*1.059)+(VLOOKUP(I36,구분자!$P:$Q,2,FALSE)*0.75),-3) -> 63000
A37: SM-S936NK | B37: =VLOOKUP($A37,출고가!$C:$E,3,FALSE) -> 1353000 | C37: =A37&I37 -> SM-S936NK베이직 | E37: 5G | F37: =A37 -> SM-S936NK | G37: =VLOOKUP(F37,출고가!C:D,2,0) -> 갤럭시S25+ (256GB) | H37: =B37 -> 1353000 | I37: 베이직 | J37: 80K이상 | K37: 580000 | L37: 580000 | M37: 580000 | N37: =IF($N$8="0원",0,IF($N$8="5만",50000,IF($N$8="10만",100000,150000))) -> 0 | O37: =IF(K37-$N37>0,K37-$N37,0) -> 580000 | P37: =IF(L37-$N37>0,L37-$N37,0) -> 580000 | Q37: =IF(M37-$N37>0,M37-$N37,0) -> 580000 | R37: =IF($R$8=$O$8,O37,IF($R$8=$P$8,P37,Q37)) -> 580000 | S37: =IF(B37-R37>0,B37-R37,0) -> 773000 | T37: =ROUNDDOWN((S37/24*1.059)+(VLOOKUP(I37,구분자!$P:$Q,2,FALSE)*0.75),-3) -> 94000
A38: SM-S936NK | B38: =VLOOKUP($A38,출고가!$C:$E,3,FALSE) -> 1353000 | C38: =A38&I38 -> SM-S936NK심플30G | I38: 심플30G | J38: 61K~80K미만 | K38: 530000 | L38: 530000 | M38: 530000 | N38: =IF($N$8="0원",0,IF($N$8="5만",50000,IF($N$8="10만",100000,150000))) -> 0 | O38: =IF(K38-$N38>0,K38-$N38,0) -> 530000 | P38: =IF(L38-$N38>0,L38-$N38,0) -> 530000 | Q38: =IF(M38-$N38>0,M38-$N38,0) -> 530000 | R38: =IF($R$8=$O$8,O38,IF($R$8=$P$8,P38,Q38)) -> 530000 | S38: =IF(B38-R38>0,B38-R38,0) -> 823000 | T38: =ROUNDDOWN((S38/24*1.059)+(VLOOKUP(I38,구분자!$P:$Q,2,FALSE)*0.75),-3) -> 82000
A39: SM-S936NK | B39: =VLOOKUP($A39,출고가!$C:$E,3,FALSE) -> 1353000 | C39: =A39&I39 -> SM-S936NK슬림10G | I39: 슬림10G | J39: 49K~61K미만 | K39: 480000 | L39: 480000 | M39: 480000 | N39: =IF($N$8="0원",0,IF($N$8="5만",50000,IF($N$8="10만",100000,150000))) -> 0 | O39: =IF(K39-$N39>0,K39-$N39,0) -> 480000 | P39: =IF(L39-$N39>0,L39-$N39,0) -> 480000 | Q39: =IF(M39-$N39>0,M39-$N39,0) -> 480000 | R39: =IF($R$8=$O$8,O39,IF($R$8=$P$8,P39,Q39)) -> 480000 | S39: =IF(B39-R39>0,B39-R39,0) -> 873000 | T39: =ROUNDDOWN((S39/24*1.059)+(VLOOKUP(I39,구분자!$P:$Q,2,FALSE)*0.75),-3) -> 76000
A40: SM-S936NK | B40: =VLOOKUP($A40,출고가!$C:$E,3,FALSE) -> 1353000 | C40: =A40&I40 -> SM-S936NK슬림4G | I40: 슬림4G | J40: 33K~49K미만 | K40: 350000 | L40: 350000 | M40: 350000 | N40: =IF($N$8="0원",0,IF($N$8="5만",50000,IF($N$8="10만",100000,150000))) -> 0 | O40: =IF(K40-$N40>0,K40-$N40,0) -> 350000 | P40: =IF(L40-$N40>0,L40-$N40,0) -> 350000 | Q40: =IF(M40-$N40>0,M40-$N40,0) -> 350000 | R40: =IF($R$8=$O$8,O40,IF($R$8=$P$8,P40,Q40)) -> 350000 | S40: =IF(B40-R40>0,B40-R40,0) -> 1003000 | T40: =ROUNDDOWN((S40/24*1.059)+(VLOOKUP(I40,구분자!$P:$Q,2,FALSE)*0.75),-3) -> 72000
A41: SM-S938NK | B41: =VLOOKUP($A41,출고가!$C:$E,3,FALSE) -> 1698400 | C41: =A41&I41 -> SM-S938NK베이직 | E41: 5G | F41: =A41 -> SM-S938NK | G41: =VLOOKUP(F41,출고가!C:D,2,0) -> 갤럭시S25 울트라 (256GB) | H41: =B41 -> 1698400 | I41: 베이직 | J41: 80K이상 | K41: 580000 | L41: 580000 | M41: 580000 | N41: =IF($N$8="0원",0,IF($N$8="5만",50000,IF($N$8="10만",100000,150000))) -> 0 | O41: =IF(K41-$N41>0,K41-$N41,0) -> 580000 | P41: =IF(L41-$N41>0,L41-$N41,0) -> 580000 | Q41: =IF(M41-$N41>0,M41-$N41,0) -> 580000 | R41: =IF($R$8=$O$8,O41,IF($R$8=$P$8,P41,Q41)) -> 580000 | S41: =IF(B41-R41>0,B41-R41,0) -> 1118400 | T41: =ROUNDDOWN((S41/24*1.059)+(VLOOKUP(I41,구분자!$P:$Q,2,FALSE)*0.75),-3) -> 109000
A42: SM-S938NK | B42: =VLOOKUP($A42,출고가!$C:$E,3,FALSE) -> 1698400 | C42: =A42&I42 -> SM-S938NK심플30G | I42: 심플30G | J42: 61K~80K미만 | K42: 530000 | L42: 530000 | M42: 530000 | N42: =IF($N$8="0원",0,IF($N$8="5만",50000,IF($N$8="10만",100000,150000))) -> 0 | O42: =IF(K42-$N42>0,K42-$N42,0) -> 530000 | P42: =IF(L42-$N42>0,L42-$N42,0) -> 530000 | Q42: =IF(M42-$N42>0,M42-$N42,0) -> 530000 | R42: =IF($R$8=$O$8,O42,IF($R$8=$P$8,P42,Q42)) -> 530000 | S42: =IF(B42-R42>0,B42-R42,0) -> 1168400 | T42: =ROUNDDOWN((S42/24*1.059)+(VLOOKUP(I42,구분자!$P:$Q,2,FALSE)*0.75),-3) -> 97000
A43: SM-S938NK | B43: =VLOOKUP($A43,출고가!$C:$E,3,FALSE) -> 1698400 | C43: =A43&I43 -> SM-S938NK슬림10G | I43: 슬림10G | J43: 49K~61K미만 | K43: 480000 | L43: 480000 | M43: 480000 | N43: =IF($N$8="0원",0,IF($N$8="5만",50000,IF($N$8="10만",100000,150000))) -> 0 | O43: =IF(K43-$N43>0,K43-$N43,0) -> 480000 | P43: =IF(L43-$N43>0,L43-$N43,0) -> 480000 | Q43: =IF(M43-$N43>0,M43-$N43,0) -> 480000 | R43: =IF($R$8=$O$8,O43,IF($R$8=$P$8,P43,Q43)) -> 480000 | S43: =IF(B43-R43>0,B43-R43,0) -> 1218400 | T43: =ROUNDDOWN((S43/24*1.059)+(VLOOKUP(I43,구분자!$P:$Q,2,FALSE)*0.75),-3) -> 91000
A44: SM-S938NK | B44: =VLOOKUP($A44,출고가!$C:$E,3,FALSE) -> 1698400 | C44: =A44&I44 -> SM-S938NK슬림4G | I44: 슬림4G | J44: 33K~49K미만 | K44: 350000 | L44: 350000 | M44: 350000 | N44: =IF($N$8="0원",0,IF($N$8="5만",50000,IF($N$8="10만",100000,150000))) -> 0 | O44: =IF(K44-$N44>0,K44-$N44,0) -> 350000 | P44: =IF(L44-$N44>0,L44-$N44,0) -> 350000 | Q44: =IF(M44-$N44>0,M44-$N44,0) -> 350000 | R44: =IF($R$8=$O$8,O44,IF($R$8=$P$8,P44,Q44)) -> 350000 | S44: =IF(B44-R44>0,B44-R44,0) -> 1348400 | T44: =ROUNDDOWN((S44/24*1.059)+(VLOOKUP(I44,구분자!$P:$Q,2,FALSE)*0.75),-3) -> 87000
A45: SM-F741NK | B45: =VLOOKUP($A45,출고가!$C:$E,3,FALSE) -> 1485000 | C45: =A45&I45 -> SM-F741NK베이직 | E45: 5G | F45: =A45 -> SM-F741NK | G45: =VLOOKUP(F45,출고가!C:D,2,0) -> 갤럭시 Z Flip6 | H45: =B45 -> 1485000 | I45: 베이직 | J45: 80K이상 | K45: 580000 | L45: 580000 | M45: 580000 | N45: =IF($N$8="0원",0,IF($N$8="5만",50000,IF($N$8="10만",100000,150000))) -> 0 | O45: =IF(K45-$N45>0,K45-$N45,0) -> 580000 | P45: =IF(L45-$N45>0,L45-$N45,0) -> 580000 | Q45: =IF(M45-$N45>0,M45-$N45,0) -> 580000 | R45: =IF($R$8=$O$8,O45,IF($R$8=$P$8,P45,Q45)) -> 580000 | S45: =IF(B45-R45>0,B45-R45,0) -> 905000 | T45: =ROUNDDOWN((S45/24*1.059)+(VLOOKUP(I45,구분자!$P:$Q,2,FALSE)*0.75),-3) -> 99000
A46: SM-F741NK | B46: =VLOOKUP($A46,출고가!$C:$E,3,FALSE) -> 1485000 | C46: =A46&I46 -> SM-F741NK심플30G | I46: 심플30G | J46: 61K~80K미만 | K46: 530000 | L46: 530000 | M46: 530000 | N46: =IF($N$8="0원",0,IF($N$8="5만",50000,IF($N$8="10만",100000,150000))) -> 0 | O46: =IF(K46-$N46>0,K46-$N46,0) -> 530000 | P46: =IF(L46-$N46>0,L46-$N46,0) -> 530000 | Q46: =IF(M46-$N46>0,M46-$N46,0) -> 530000 | R46: =IF($R$8=$O$8,O46,IF($R$8=$P$8,P46,Q46)) -> 530000 | S46: =IF(B46-R46>0,B46-R46,0) -> 955000 | T46: =ROUNDDOWN((S46/24*1.059)+(VLOOKUP(I46,구분자!$P:$Q,2,FALSE)*0.75),-3) -> 87000
A47: SM-F741NK | B47: =VLOOKUP($A47,출고가!$C:$E,3,FALSE) -> 1485000 | C47: =A47&I47 -> SM-F741NK슬림10G | I47: 슬림10G | J47: 49K~61K미만 | K47: 480000 | L47: 480000 | M47: 480000 | N47: =IF($N$8="0원",0,IF($N$8="5만",50000,IF($N$8="10만",100000,150000))) -> 0 | O47: =IF(K47-$N47>0,K47-$N47,0) -> 480000 | P47: =IF(L47-$N47>0,L47-$N47,0) -> 480000 | Q47: =IF(M47-$N47>0,M47-$N47,0) -> 480000 | R47: =IF($R$8=$O$8,O47,IF($R$8=$P$8,P47,Q47)) -> 480000 | S47: =IF(B47-R47>0,B47-R47,0) -> 1005000 | T47: =ROUNDDOWN((S47/24*1.059)+(VLOOKUP(I47,구분자!$P:$Q,2,FALSE)*0.75),-3) -> 81000
A48: SM-F741NK | B48: =VLOOKUP($A48,출고가!$C:$E,3,FALSE) -> 1485000 | C48: =A48&I48 -> SM-F741NK슬림4G | I48: 슬림4G | J48: 33K~49K미만 | K48: 350000 | L48: 350000 | M48: 350000 | N48: =IF($N$8="0원",0,IF($N$8="5만",50000,IF($N$8="10만",100000,150000))) -> 0 | O48: =IF(K48-$N48>0,K48-$N48,0) -> 350000 | P48: =IF(L48-$N48>0,L48-$N48,0) -> 350000 | Q48: =IF(M48-$N48>0,M48-$N48,0) -> 350000 | R48: =IF($R$8=$O$8,O48,IF($R$8=$P$8,P48,Q48)) -> 350000 | S48: =IF(B48-R48>0,B48-R48,0) -> 1135000 | T48: =ROUNDDOWN((S48/24*1.059)+(VLOOKUP(I48,구분자!$P:$Q,2,FALSE)*0.75),-3) -> 77000
A49: SM-F956NK | B49: =VLOOKUP($A49,출고가!$C:$E,3,FALSE) -> 2229700 | C49: =A49&I49 -> SM-F956NK베이직 | E49: 5G | F49: =A49 -> SM-F956NK | G49: =VLOOKUP(F49,출고가!C:D,2,0) -> 갤럭시 Z Fold6 | H49: =B49 -> 2229700 | I49: 베이직 | J49: 80K이상 | K49: 580000 | L49: 580000 | M49: 580000 | N49: =IF($N$8="0원",0,IF($N$8="5만",50000,IF($N$8="10만",100000,150000))) -> 0 | O49: =IF(K49-$N49>0,K49-$N49,0) -> 580000 | P49: =IF(L49-$N49>0,L49-$N49,0) -> 580000 | Q49: =IF(M49-$N49>0,M49-$N49,0) -> 580000 | R49: =IF($R$8=$O$8,O49,IF($R$8=$P$8,P49,Q49)) -> 580000 | S49: =IF(B49-R49>0,B49-R49,0) -> 1649700 | T49: =ROUNDDOWN((S49/24*1.059)+(VLOOKUP(I49,구분자!$P:$Q,2,FALSE)*0.75),-3) -> 132000
A50: SM-F956NK | B50: =VLOOKUP($A50,출고가!$C:$E,3,FALSE) -> 2229700 | C50: =A50&I50 -> SM-F956NK심플30G | I50: 심플30G | J50: 61K~80K미만 | K50: 530000 | L50: 530000 | M50: 530000 | N50: =IF($N$8="0원",0,IF($N$8="5만",50000,IF($N$8="10만",100000,150000))) -> 0 | O50: =IF(K50-$N50>0,K50-$N50,0) -> 530000 | P50: =IF(L50-$N50>0,L50-$N50,0) -> 530000 | Q50: =IF(M50-$N50>0,M50-$N50,0) -> 530000 | R50: =IF($R$8=$O$8,O50,IF($R$8=$P$8,P50,Q50)) -> 530000 | S50: =IF(B50-R50>0,B50-R50,0) -> 1699700 | T50: =ROUNDDOWN((S50/24*1.059)+(VLOOKUP(I50,구분자!$P:$Q,2,FALSE)*0.75),-3) -> 120000
A51: SM-F956NK | B51: =VLOOKUP($A51,출고가!$C:$E,3,FALSE) -> 2229700 | C51: =A51&I51 -> SM-F956NK슬림10G | I51: 슬림10G | J51: 49K~61K미만 | K51: 480000 | L51: 480000 | M51: 480000 | N51: =IF($N$8="0원",0,IF($N$8="5만",50000,IF($N$8="10만",100000,150000))) -> 0 | O51: =IF(K51-$N51>0,K51-$N51,0) -> 480000 | P51: =IF(L51-$N51>0,L51-$N51,0) -> 480000 | Q51: =IF(M51-$N51>0,M51-$N51,0) -> 480000 | R51: =IF($R$8=$O$8,O51,IF($R$8=$P$8,P51,Q51)) -> 480000 | S51: =IF(B51-R51>0,B51-R51,0) -> 1749700 | T51: =ROUNDDOWN((S51/24*1.059)+(VLOOKUP(I51,구분자!$P:$Q,2,FALSE)*0.75),-3) -> 114000
A52: SM-F956NK | B52: =VLOOKUP($A52,출고가!$C:$E,3,FALSE) -> 2229700 | C52: =A52&I52 -> SM-F956NK슬림4G | I52: 슬림4G | J52: 33K~49K미만 | K52: 350000 | L52: 350000 | M52: 350000 | N52: =IF($N$8="0원",0,IF($N$8="5만",50000,IF($N$8="10만",100000,150000))) -> 0 | O52: =IF(K52-$N52>0,K52-$N52,0) -> 350000 | P52: =IF(L52-$N52>0,L52-$N52,0) -> 350000 | Q52: =IF(M52-$N52>0,M52-$N52,0) -> 350000 | R52: =IF($R$8=$O$8,O52,IF($R$8=$P$8,P52,Q52)) -> 350000 | S52: =IF(B52-R52>0,B52-R52,0) -> 1879700 | T52: =ROUNDDOWN((S52/24*1.059)+(VLOOKUP(I52,구분자!$P:$Q,2,FALSE)*0.75),-3) -> 110000
A53: SM-S731NK | B53: =VLOOKUP($A53,출고가!$C:$E,3,FALSE) -> 946000 | C53: =A53&I53 -> SM-S731NK베이직 | E53: 5G | F53: =A53 -> SM-S731NK | G53: =VLOOKUP(F53,출고가!C:D,2,0) -> 갤럭시S25FE(256GB) | H53: =B53 -> 946000 | I53: 베이직 | J53: 80K이상 | K53: 550000 | L53: 550000 | M53: 550000 | N53: =IF($N$8="0원",0,IF($N$8="5만",50000,IF($N$8="10만",100000,150000))) -> 0 | O53: =IF(K53-$N53>0,K53-$N53,0) -> 550000 | P53: =IF(L53-$N53>0,L53-$N53,0) -> 550000 | Q53: =IF(M53-$N53>0,M53-$N53,0) -> 550000 | R53: =IF($R$8=$O$8,O53,IF($R$8=$P$8,P53,Q53)) -> 550000 | S53: =IF(B53-R53>0,B53-R53,0) -> 396000 | T53: =ROUNDDOWN((S53/24*1.059)+(VLOOKUP(I53,구분자!$P:$Q,2,FALSE)*0.75),-3) -> 77000
A54: SM-S731NK | B54: =VLOOKUP($A54,출고가!$C:$E,3,FALSE) -> 946000 | C54: =A54&I54 -> SM-S731NK심플30G | I54: 심플30G | J54: 61K~80K미만 | K54: 500000 | L54: 500000 | M54: 500000 | N54: =IF($N$8="0원",0,IF($N$8="5만",50000,IF($N$8="10만",100000,150000))) -> 0 | O54: =IF(K54-$N54>0,K54-$N54,0) -> 500000 | P54: =IF(L54-$N54>0,L54-$N54,0) -> 500000 | Q54: =IF(M54-$N54>0,M54-$N54,0) -> 500000 | R54: =IF($R$8=$O$8,O54,IF($R$8=$P$8,P54,Q54)) -> 500000 | S54: =IF(B54-R54>0,B54-R54,0) -> 446000 | T54: =ROUNDDOWN((S54/24*1.059)+(VLOOKUP(I54,구분자!$P:$Q,2,FALSE)*0.75),-3) -> 65000
A55: SM-S731NK | B55: =VLOOKUP($A55,출고가!$C:$E,3,FALSE) -> 946000 | C55: =A55&I55 -> SM-S731NK슬림10G | I55: 슬림10G | J55: 49K~61K미만 | K55: 450000 | L55: 450000 | M55: 450000 | N55: =IF($N$8="0원",0,IF($N$8="5만",50000,IF($N$8="10만",100000,150000))) -> 0 | O55: =IF(K55-$N55>0,K55-$N55,0) -> 450000 | P55: =IF(L55-$N55>0,L55-$N55,0) -> 450000 | Q55: =IF(M55-$N55>0,M55-$N55,0) -> 450000 | R55: =IF($R$8=$O$8,O55,IF($R$8=$P$8,P55,Q55)) -> 450000 | S55: =IF(B55-R55>0,B55-R55,0) -> 496000 | T55: =ROUNDDOWN((S55/24*1.059)+(VLOOKUP(I55,구분자!$P:$Q,2,FALSE)*0.75),-3) -> 59000
A56: SM-S731NK | B56: =VLOOKUP($A56,출고가!$C:$E,3,FALSE) -> 946000 | C56: =A56&I56 -> SM-S731NK슬림4G | I56: 슬림4G | J56: 33K~49K미만 | K56: 350000 | L56: 350000 | M56: 350000 | N56: =IF($N$8="0원",0,IF($N$8="5만",50000,IF($N$8="10만",100000,150000))) -> 0 | O56: =IF(K56-$N56>0,K56-$N56,0) -> 350000 | P56: =IF(L56-$N56>0,L56-$N56,0) -> 350000 | Q56: =IF(M56-$N56>0,M56-$N56,0) -> 350000 | R56: =IF($R$8=$O$8,O56,IF($R$8=$P$8,P56,Q56)) -> 350000 | S56: =IF(B56-R56>0,B56-R56,0) -> 596000 | T56: =ROUNDDOWN((S56/24*1.059)+(VLOOKUP(I56,구분자!$P:$Q,2,FALSE)*0.75),-3) -> 54000
A57: SM-A366NK | B57: =VLOOKUP($A57,출고가!$C:$E,3,FALSE) -> 499400 | C57: =A57&I57 -> SM-A366NK베이직 | E57: 5G | F57: =A57 -> SM-A366NK | G57: =VLOOKUP(F57,출고가!C:D,2,0) -> 갤럭시 A36(5G) | H57: =B57 -> 499400 | I57: 베이직 | J57: 80K이상 | K57: 550000 | L57: 550000 | M57: 550000 | N57: =IF($N$8="0원",0,IF($N$8="5만",50000,IF($N$8="10만",100000,150000))) -> 0 | O57: =IF(K57-$N57>0,K57-$N57,0) -> 550000 | P57: =IF(L57-$N57>0,L57-$N57,0) -> 550000 | Q57: =IF(M57-$N57>0,M57-$N57,0) -> 550000 | R57: =IF($R$8=$O$8,O57,IF($R$8=$P$8,P57,Q57)) -> 550000 | S57: =IF(B57-R57>0,B57-R57,0) -> 0 | T57: =ROUNDDOWN((S57/24*1.059)+(VLOOKUP(I57,구분자!$P:$Q,2,FALSE)*0.75),-3) -> 60000
A58: SM-A366NK | B58: =VLOOKUP($A58,출고가!$C:$E,3,FALSE) -> 499400 | C58: =A58&I58 -> SM-A366NK심플30G | I58: 심플30G | J58: 61K~80K미만 | K58: 500000 | L58: 500000 | M58: 500000 | N58: =IF($N$8="0원",0,IF($N$8="5만",50000,IF($N$8="10만",100000,150000))) -> 0 | O58: =IF(K58-$N58>0,K58-$N58,0) -> 500000 | P58: =IF(L58-$N58>0,L58-$N58,0) -> 500000 | Q58: =IF(M58-$N58>0,M58-$N58,0) -> 500000 | R58: =IF($R$8=$O$8,O58,IF($R$8=$P$8,P58,Q58)) -> 500000 | S58: =IF(B58-R58>0,B58-R58,0) -> 0 | T58: =ROUNDDOWN((S58/24*1.059)+(VLOOKUP(I58,구분자!$P:$Q,2,FALSE)*0.75),-3) -> 45000
A59: SM-A366NK | B59: =VLOOKUP($A59,출고가!$C:$E,3,FALSE) -> 499400 | C59: =A59&I59 -> SM-A366NK슬림10G | I59: 슬림10G | J59: 49K~61K미만 | K59: 450000 | L59: 450000 | M59: 450000 | N59: =IF($N$8="0원",0,IF($N$8="5만",50000,IF($N$8="10만",100000,150000))) -> 0 | O59: =IF(K59-$N59>0,K59-$N59,0) -> 450000 | P59: =IF(L59-$N59>0,L59-$N59,0) -> 450000 | Q59: =IF(M59-$N59>0,M59-$N59,0) -> 450000 | R59: =IF($R$8=$O$8,O59,IF($R$8=$P$8,P59,Q59)) -> 450000 | S59: =IF(B59-R59>0,B59-R59,0) -> 49400 | T59: =ROUNDDOWN((S59/24*1.059)+(VLOOKUP(I59,구분자!$P:$Q,2,FALSE)*0.75),-3) -> 39000
A60: SM-A366NK | B60: =VLOOKUP($A60,출고가!$C:$E,3,FALSE) -> 499400 | C60: =A60&I60 -> SM-A366NK슬림4G | I60: 슬림4G | J60: 33K~49K미만 | K60: 350000 | L60: 350000 | M60: 350000 | N60: =IF($N$8="0원",0,IF($N$8="5만",50000,IF($N$8="10만",100000,150000))) -> 0 | O60: =IF(K60-$N60>0,K60-$N60,0) -> 350000 | P60: =IF(L60-$N60>0,L60-$N60,0) -> 350000 | Q60: =IF(M60-$N60>0,M60-$N60,0) -> 350000 | R60: =IF($R$8=$O$8,O60,IF($R$8=$P$8,P60,Q60)) -> 350000 | S60: =IF(B60-R60>0,B60-R60,0) -> 149400 | T60: =ROUNDDOWN((S60/24*1.059)+(VLOOKUP(I60,구분자!$P:$Q,2,FALSE)*0.75),-3) -> 34000
A61: SM-M366K | B61: =VLOOKUP($A61,출고가!$C:$E,3,FALSE) -> 449900 | C61: =A61&I61 -> SM-M366K베이직 | E61: 5G | F61: =A61 -> SM-M366K | G61: =VLOOKUP(F61,출고가!C:D,2,0) -> Galaxy Jump4 | H61: =B61 -> 449900 | I61: 베이직 | J61: 80K이상 | K61: 580000 | L61: 580000 | M61: 580000 | N61: =IF($N$8="0원",0,IF($N$8="5만",50000,IF($N$8="10만",100000,150000))) -> 0 | O61: =IF(K61-$N61>0,K61-$N61,0) -> 580000 | P61: =IF(L61-$N61>0,L61-$N61,0) -> 580000 | Q61: =IF(M61-$N61>0,M61-$N61,0) -> 580000 | R61: =IF($R$8=$O$8,O61,IF($R$8=$P$8,P61,Q61)) -> 580000 | S61: =IF(B61-R61>0,B61-R61,0) -> 0 | T61: =ROUNDDOWN((S61/24*1.059)+(VLOOKUP(I61,구분자!$P:$Q,2,FALSE)*0.75),-3) -> 60000
A62: SM-M366K | B62: =VLOOKUP($A62,출고가!$C:$E,3,FALSE) -> 449900 | C62: =A62&I62 -> SM-M366K심플30G | I62: 심플30G | J62: 61K~80K미만 | K62: 530000 | L62: 530000 | M62: 530000 | N62: =IF($N$8="0원",0,IF($N$8="5만",50000,IF($N$8="10만",100000,150000))) -> 0 | O62: =IF(K62-$N62>0,K62-$N62,0) -> 530000 | P62: =IF(L62-$N62>0,L62-$N62,0) -> 530000 | Q62: =IF(M62-$N62>0,M62-$N62,0) -> 530000 | R62: =IF($R$8=$O$8,O62,IF($R$8=$P$8,P62,Q62)) -> 530000 | S62: =IF(B62-R62>0,B62-R62,0) -> 0 | T62: =ROUNDDOWN((S62/24*1.059)+(VLOOKUP(I62,구분자!$P:$Q,2,FALSE)*0.75),-3) -> 45000
A63: SM-M366K | B63: =VLOOKUP($A63,출고가!$C:$E,3,FALSE) -> 449900 | C63: =A63&I63 -> SM-M366K슬림10G | I63: 슬림10G | J63: 49K~61K미만 | K63: 480000 | L63: 480000 | M63: 480000 | N63: =IF($N$8="0원",0,IF($N$8="5만",50000,IF($N$8="10만",100000,150000))) -> 0 | O63: =IF(K63-$N63>0,K63-$N63,0) -> 480000 | P63: =IF(L63-$N63>0,L63-$N63,0) -> 480000 | Q63: =IF(M63-$N63>0,M63-$N63,0) -> 480000 | R63: =IF($R$8=$O$8,O63,IF($R$8=$P$8,P63,Q63)) -> 480000 | S63: =IF(B63-R63>0,B63-R63,0) -> 0 | T63: =ROUNDDOWN((S63/24*1.059)+(VLOOKUP(I63,구분자!$P:$Q,2,FALSE)*0.75),-3) -> 37000
A64: SM-M366K | B64: =VLOOKUP($A64,출고가!$C:$E,3,FALSE) -> 449900 | C64: =A64&I64 -> SM-M366K슬림4G | I64: 슬림4G | J64: 33K~49K미만 | K64: 350000 | L64: 350000 | M64: 350000 | N64: =IF($N$8="0원",0,IF($N$8="5만",50000,IF($N$8="10만",100000,150000))) -> 0 | O64: =IF(K64-$N64>0,K64-$N64,0) -> 350000 | P64: =IF(L64-$N64>0,L64-$N64,0) -> 350000 | Q64: =IF(M64-$N64>0,M64-$N64,0) -> 350000 | R64: =IF($R$8=$O$8,O64,IF($R$8=$P$8,P64,Q64)) -> 350000 | S64: =IF(B64-R64>0,B64-R64,0) -> 99900 | T64: =ROUNDDOWN((S64/24*1.059)+(VLOOKUP(I64,구분자!$P:$Q,2,FALSE)*0.75),-3) -> 32000
A65: SM-A175NK | B65: =VLOOKUP($A65,출고가!$C:$E,3,FALSE) -> 319000 | C65: =A65&I65 -> SM-A175NK데이터ON 프리미엄 | E65: LTE | F65: =A65 -> SM-A175NK | G65: =VLOOKUP(F65,출고가!C:D,2,0) -> 갤럭시 A17 | H65: =B65 -> 319000 | I65: 데이터ON 프리미엄 | J65: 49K이상 | K65: 300000 | L65: 300000 | M65: 300000 | N65: =IF($N$8="0원",0,IF($N$8="5만",50000,IF($N$8="10만",100000,150000))) -> 0 | O65: =IF(K65-$N65>0,K65-$N65,0) -> 300000 | P65: =IF(L65-$N65>0,L65-$N65,0) -> 300000 | Q65: =IF(M65-$N65>0,M65-$N65,0) -> 300000 | R65: =IF($R$8=$O$8,O65,IF($R$8=$P$8,P65,Q65)) -> 300000 | S65: =IF(B65-R65>0,B65-R65,0) -> 19000 | T65: =ROUNDDOWN((S65/24*1.059)+(VLOOKUP(I65,구분자!$P:$Q,2,FALSE)*0.75),-3) -> 52000
A66: SM-A165NK | B66: =VLOOKUP($A66,출고가!$C:$E,3,FALSE) -> 319000 | C66: =A66&I66 -> SM-A165NK | N66: =IF($N$8="0원",0,IF($N$8="5만",50000,IF($N$8="10만",100000,150000))) -> 0 | O66: =IF(K66-$N66>0,K66-$N66,0) -> 0 | P66: =IF(L66-$N66>0,L66-$N66,0) -> 0 | Q66: =IF(M66-$N66>0,M66-$N66,0) -> 0 | R66: =IF($R$8=$O$8,O66,IF($R$8=$P$8,P66,Q66)) -> 0 | S66: =IF(B66-R66>0,B66-R66,0) -> 319000 | T66: =ROUNDDOWN((S66/24*1.059)+(VLOOKUP(I66,구분자!$P:$Q,2,FALSE)*0.75),-3) -> #N/A
A67: SM-A175NK | B67: =VLOOKUP($A67,출고가!$C:$E,3,FALSE) -> 319000 | C67: =A67&I67 -> SM-A175NKLTE베이직 | I67: LTE베이직 | J67: 33K~49K미만 | K67: 250000 | L67: 250000 | M67: 250000 | N67: =IF($N$8="0원",0,IF($N$8="5만",50000,IF($N$8="10만",100000,150000))) -> 0 | O67: =IF(K67-$N67>0,K67-$N67,0) -> 250000 | P67: =IF(L67-$N67>0,L67-$N67,0) -> 250000 | Q67: =IF(M67-$N67>0,M67-$N67,0) -> 250000 | R67: =IF($R$8=$O$8,O67,IF($R$8=$P$8,P67,Q67)) -> 250000 | S67: =IF(B67-R67>0,B67-R67,0) -> 69000 | T67: =ROUNDDOWN((S67/24*1.059)+(VLOOKUP(I67,구분자!$P:$Q,2,FALSE)*0.75),-3) -> 27000
A68: SM-A165NK | B68: =VLOOKUP($A68,출고가!$C:$E,3,FALSE) -> 319000 | C68: =A68&I68 -> SM-A165NK데이터ON 프리미엄 | E68: LTE | F68: =A68 -> SM-A165NK | G68: =VLOOKUP(F68,출고가!C:D,2,0) -> 갤럭시 A16 | H68: =B68 -> 319000 | I68: 데이터ON 프리미엄 | J68: 49K이상 | K68: 300000 | L68: 300000 | M68: 300000 | N68: =IF($N$8="0원",0,IF($N$8="5만",50000,IF($N$8="10만",100000,150000))) -> 0 | O68: =IF(K68-$N68>0,K68-$N68,0) -> 300000 | P68: =IF(L68-$N68>0,L68-$N68,0) -> 300000 | Q68: =IF(M68-$N68>0,M68-$N68,0) -> 300000 | R68: =IF($R$8=$O$8,O68,IF($R$8=$P$8,P68,Q68)) -> 300000 | S68: =IF(B68-R68>0,B68-R68,0) -> 19000 | T68: =ROUNDDOWN((S68/24*1.059)+(VLOOKUP(I68,구분자!$P:$Q,2,FALSE)*0.75),-3) -> 52000
A69: SM-A165NK | B69: =VLOOKUP($A69,출고가!$C:$E,3,FALSE) -> 319000 | C69: =A69&I69 -> SM-A165NK | N69: =IF($N$8="0원",0,IF($N$8="5만",50000,IF($N$8="10만",100000,150000))) -> 0 | O69: =IF(K69-$N69>0,K69-$N69,0) -> 0 | P69: =IF(L69-$N69>0,L69-$N69,0) -> 0 | Q69: =IF(M69-$N69>0,M69-$N69,0) -> 0 | R69: =IF($R$8=$O$8,O69,IF($R$8=$P$8,P69,Q69)) -> 0 | S69: =IF(B69-R69>0,B69-R69,0) -> 319000 | T69: =ROUNDDOWN((S69/24*1.059)+(VLOOKUP(I69,구분자!$P:$Q,2,FALSE)*0.75),-3) -> #N/A
A70: SM-A165NK | B70: =VLOOKUP($A70,출고가!$C:$E,3,FALSE) -> 319000 | C70: =A70&I70 -> SM-A165NKLTE베이직 | I70: LTE베이직 | J70: 33K~49K미만 | K70: 250000 | L70: 250000 | M70: 250000 | N70: =IF($N$8="0원",0,IF($N$8="5만",50000,IF($N$8="10만",100000,150000))) -> 0 | O70: =IF(K70-$N70>0,K70-$N70,0) -> 250000 | P70: =IF(L70-$N70>0,L70-$N70,0) -> 250000 | Q70: =IF(M70-$N70>0,M70-$N70,0) -> 250000 | R70: =IF($R$8=$O$8,O70,IF($R$8=$P$8,P70,Q70)) -> 250000 | S70: =IF(B70-R70>0,B70-R70,0) -> 69000 | T70: =ROUNDDOWN((S70/24*1.059)+(VLOOKUP(I70,구분자!$P:$Q,2,FALSE)*0.75),-3) -> 27000
A71: SM-A165NK | B71: =VLOOKUP($A71,출고가!$C:$E,3,FALSE) -> 319000 | C71: =A71&I71 -> SM-A165NK데이터ON 프리미엄 | E71: LTE | G71: LTE 모델 공용(A16제외) | I71: 데이터ON 프리미엄 | J71: 49K이상 | K71: 250000 | L71: 250000 | M71: 250000 | N71: =IF($N$8="0원",0,IF($N$8="5만",50000,IF($N$8="10만",100000,150000))) -> 0 | O71: =IF(K71-$N71>0,K71-$N71,0) -> 250000 | P71: =IF(L71-$N71>0,L71-$N71,0) -> 250000 | Q71: =IF(M71-$N71>0,M71-$N71,0) -> 250000 | R71: =IF($R$8=$O$8,O71,IF($R$8=$P$8,P71,Q71)) -> 250000 | S71: =IF(B71-R71>0,B71-R71,0) -> 69000 | T71: =ROUNDDOWN((S71/24*1.059)+(VLOOKUP(I71,구분자!$P:$Q,2,FALSE)*0.75),-3) -> 54000
A72: SM-A165NK | B72: =VLOOKUP($A72,출고가!$C:$E,3,FALSE) -> 319000 | C72: =A72&I72 -> SM-A165NK | N72: =IF($N$8="0원",0,IF($N$8="5만",50000,IF($N$8="10만",100000,150000))) -> 0 | O72: =IF(K72-$N72>0,K72-$N72,0) -> 0 | P72: =IF(L72-$N72>0,L72-$N72,0) -> 0 | Q72: =IF(M72-$N72>0,M72-$N72,0) -> 0 | R72: =IF($R$8=$O$8,O72,IF($R$8=$P$8,P72,Q72)) -> 0 | S72: =IF(B72-R72>0,B72-R72,0) -> 319000 | T72: =ROUNDDOWN((S72/24*1.059)+(VLOOKUP(I72,구분자!$P:$Q,2,FALSE)*0.75),-3) -> #N/A
A73: SM-A165NK | B73: =VLOOKUP($A73,출고가!$C:$E,3,FALSE) -> 319000 | C73: =A73&I73 -> SM-A165NKLTE베이직 | I73: LTE베이직 | J73: 33K~49K미만 | K73: 200000 | L73: 200000 | M73: 200000 | N73: =IF($N$8="0원",0,IF($N$8="5만",50000,IF($N$8="10만",100000,150000))) -> 0 | O73: =IF(K73-$N73>0,K73-$N73,0) -> 200000 | P73: =IF(L73-$N73>0,L73-$N73,0) -> 200000 | Q73: =IF(M73-$N73>0,M73-$N73,0) -> 200000 | R73: =IF($R$8=$O$8,O73,IF($R$8=$P$8,P73,Q73)) -> 200000 | S73: =IF(B73-R73>0,B73-R73,0) -> 119000 | T73: =ROUNDDOWN((S73/24*1.059)+(VLOOKUP(I73,구분자!$P:$Q,2,FALSE)*0.75),-3) -> 30000
A74: AIP17-256 | B74: =VLOOKUP($A74,출고가!$C:$E,3,FALSE) -> 1287000 | C74: =A74&I74 -> AIP17-256베이직 | D74: Apple | E74: 5G | F74: =A74 -> AIP17-256 | G74: =VLOOKUP(F74,출고가!C:D,2,0) -> iPhone 17 256GB | H74: =B74 -> 1287000 | I74: 베이직 | J74: 80K이상 | K74: 420000 | L74: 420000 | M74: 420000 | N74: =IF($N$8="0원",0,IF($N$8="5만",50000,IF($N$8="10만",100000,150000))) -> 0 | O74: =IF(K74-$N74>0,K74-$N74,0) -> 420000 | P74: =IF(L74-$N74>0,L74-$N74,0) -> 420000 | Q74: =IF(M74-$N74>0,M74-$N74,0) -> 420000 | R74: =IF($R$5=$O$5,O74,IF($R$5=$P$5,P74,Q74)) -> 420000 | S74: =IF(B74-R74>0,B74-R74,0) -> 867000 | T74: =ROUNDDOWN((S74/24*1.059)+(VLOOKUP(I74,[2]구분자!$P:$Q,2,FALSE)*0.75),-3) -> 98000
A75: AIP17-256 | B75: =VLOOKUP($A75,출고가!$C:$E,3,FALSE) -> 1287000 | C75: =A75&I75 -> AIP17-256심플30G | I75: 심플30G | J75: 61K~69K미만 | K75: 350000 | L75: 350000 | M75: 350000 | N75: =IF($N$8="0원",0,IF($N$8="5만",50000,IF($N$8="10만",100000,150000))) -> 0 | O75: =IF(K75-$N75>0,K75-$N75,0) -> 350000 | P75: =IF(L75-$N75>0,L75-$N75,0) -> 350000 | Q75: =IF(M75-$N75>0,M75-$N75,0) -> 350000 | R75: =IF($R$5=$O$5,O75,IF($R$5=$P$5,P75,Q75)) -> 350000 | S75: =IF(B75-R75>0,B75-R75,0) -> 937000 | T75: =ROUNDDOWN((S75/24*1.059)+(VLOOKUP(I75,[2]구분자!$P:$Q,2,FALSE)*0.75),-3) -> 87000
A76: AIP17-256 | B76: =VLOOKUP($A76,출고가!$C:$E,3,FALSE) -> 1287000 | C76: =A76&I76 -> AIP17-256슬림10G | I76: 슬림10G | J76: 49K~61K미만 | K76: 280000 | L76: 280000 | M76: 280000 | N76: =IF($N$8="0원",0,IF($N$8="5만",50000,IF($N$8="10만",100000,150000))) -> 0 | O76: =IF(K76-$N76>0,K76-$N76,0) -> 280000 | P76: =IF(L76-$N76>0,L76-$N76,0) -> 280000 | Q76: =IF(M76-$N76>0,M76-$N76,0) -> 280000 | R76: =IF($R$5=$O$5,O76,IF($R$5=$P$5,P76,Q76)) -> 280000 | S76: =IF(B76-R76>0,B76-R76,0) -> 1007000 | T76: =ROUNDDOWN((S76/24*1.059)+(VLOOKUP(I76,[2]구분자!$P:$Q,2,FALSE)*0.75),-3) -> 81000
A77: AIP17-256 | B77: =VLOOKUP($A77,출고가!$C:$E,3,FALSE) -> 1287000 | C77: =A77&I77 -> AIP17-256슬림4G | I77: 슬림4G | J77: 33K~49K미만 | K77: 230000 | L77: 230000 | M77: 230000 | N77: =IF($N$8="0원",0,IF($N$8="5만",50000,IF($N$8="10만",100000,150000))) -> 0 | O77: =IF(K77-$N77>0,K77-$N77,0) -> 230000 | P77: =IF(L77-$N77>0,L77-$N77,0) -> 230000 | Q77: =IF(M77-$N77>0,M77-$N77,0) -> 230000 | R77: =IF($R$5=$O$5,O77,IF($R$5=$P$5,P77,Q77)) -> 230000 | S77: =IF(B77-R77>0,B77-R77,0) -> 1057000 | T77: =ROUNDDOWN((S77/24*1.059)+(VLOOKUP(I77,[2]구분자!$P:$Q,2,FALSE)*0.75),-3) -> 74000
A78: AIP17-512 | B78: =VLOOKUP($A78,출고가!$C:$E,3,FALSE) -> 1584000 | C78: =A78&I78 -> AIP17-512베이직 | E78: 5G | F78: =A78 -> AIP17-512 | G78: =VLOOKUP(F78,출고가!C:D,2,0) -> iPhone 17 512GB | H78: =B78 -> 1584000 | I78: 베이직 | J78: 80K이상 | K78: 420000 | L78: 420000 | M78: 420000 | N78: =IF($N$8="0원",0,IF($N$8="5만",50000,IF($N$8="10만",100000,150000))) -> 0 | O78: =IF(K78-$N78>0,K78-$N78,0) -> 420000 | P78: =IF(L78-$N78>0,L78-$N78,0) -> 420000 | Q78: =IF(M78-$N78>0,M78-$N78,0) -> 420000 | R78: =IF($R$5=$O$5,O78,IF($R$5=$P$5,P78,Q78)) -> 420000 | S78: =IF(B78-R78>0,B78-R78,0) -> 1164000 | T78: =ROUNDDOWN((S78/24*1.059)+(VLOOKUP(I78,[2]구분자!$P:$Q,2,FALSE)*0.75),-3) -> 111000
A79: AIP17-512 | B79: =VLOOKUP($A79,출고가!$C:$E,3,FALSE) -> 1584000 | C79: =A79&I79 -> AIP17-512심플30G | I79: 심플30G | J79: 61K~69K미만 | K79: 350000 | L79: 350000 | M79: 350000 | N79: =IF($N$8="0원",0,IF($N$8="5만",50000,IF($N$8="10만",100000,150000))) -> 0 | O79: =IF(K79-$N79>0,K79-$N79,0) -> 350000 | P79: =IF(L79-$N79>0,L79-$N79,0) -> 350000 | Q79: =IF(M79-$N79>0,M79-$N79,0) -> 350000 | R79: =IF($R$5=$O$5,O79,IF($R$5=$P$5,P79,Q79)) -> 350000 | S79: =IF(B79-R79>0,B79-R79,0) -> 1234000 | T79: =ROUNDDOWN((S79/24*1.059)+(VLOOKUP(I79,[2]구분자!$P:$Q,2,FALSE)*0.75),-3) -> 100000
A80: AIP17-512 | B80: =VLOOKUP($A80,출고가!$C:$E,3,FALSE) -> 1584000 | C80: =A80&I80 -> AIP17-512슬림10G | I80: 슬림10G | J80: 49K~61K미만 | K80: 280000 | L80: 280000 | M80: 280000 | N80: =IF($N$8="0원",0,IF($N$8="5만",50000,IF($N$8="10만",100000,150000))) -> 0 | O80: =IF(K80-$N80>0,K80-$N80,0) -> 280000 | P80: =IF(L80-$N80>0,L80-$N80,0) -> 280000 | Q80: =IF(M80-$N80>0,M80-$N80,0) -> 280000 | R80: =IF($R$5=$O$5,O80,IF($R$5=$P$5,P80,Q80)) -> 280000 | S80: =IF(B80-R80>0,B80-R80,0) -> 1304000 | T80: =ROUNDDOWN((S80/24*1.059)+(VLOOKUP(I80,[2]구분자!$P:$Q,2,FALSE)*0.75),-3) -> 95000
A81: AIP17-512 | B81: =VLOOKUP($A81,출고가!$C:$E,3,FALSE) -> 1584000 | C81: =A81&I81 -> AIP17-512슬림4G | I81: 슬림4G | J81: 33K~49K미만 | K81: 230000 | L81: 230000 | M81: 230000 | N81: =IF($N$8="0원",0,IF($N$8="5만",50000,IF($N$8="10만",100000,150000))) -> 0 | O81: =IF(K81-$N81>0,K81-$N81,0) -> 230000 | P81: =IF(L81-$N81>0,L81-$N81,0) -> 230000 | Q81: =IF(M81-$N81>0,M81-$N81,0) -> 230000 | R81: =IF($R$5=$O$5,O81,IF($R$5=$P$5,P81,Q81)) -> 230000 | S81: =IF(B81-R81>0,B81-R81,0) -> 1354000 | T81: =ROUNDDOWN((S81/24*1.059)+(VLOOKUP(I81,[2]구분자!$P:$Q,2,FALSE)*0.75),-3) -> 87000
A82: AIPA-256 | B82: =VLOOKUP($A82,출고가!$C:$E,3,FALSE) -> 1584000 | C82: =A82&I82 -> AIPA-256베이직 | E82: 5G | F82: =A82 -> AIPA-256 | G82: =VLOOKUP(F82,출고가!C:D,2,0) -> iPhone Air 256GB | H82: =B82 -> 1584000 | I82: 베이직 | J82: 80K이상 | K82: 420000 | L82: 420000 | M82: 420000 | N82: =IF($N$8="0원",0,IF($N$8="5만",50000,IF($N$8="10만",100000,150000))) -> 0 | O82: =IF(K82-$N82>0,K82-$N82,0) -> 420000 | P82: =IF(L82-$N82>0,L82-$N82,0) -> 420000 | Q82: =IF(M82-$N82>0,M82-$N82,0) -> 420000 | R82: =IF($R$5=$O$5,O82,IF($R$5=$P$5,P82,Q82)) -> 420000 | S82: =IF(B82-R82>0,B82-R82,0) -> 1164000 | T82: =ROUNDDOWN((S82/24*1.059)+(VLOOKUP(I82,[2]구분자!$P:$Q,2,FALSE)*0.75),-3) -> 111000
A83: AIPA-256 | B83: =VLOOKUP($A83,출고가!$C:$E,3,FALSE) -> 1584000 | C83: =A83&I83 -> AIPA-256심플30G | I83: 심플30G | J83: 61K~69K미만 | K83: 350000 | L83: 350000 | M83: 350000 | N83: =IF($N$8="0원",0,IF($N$8="5만",50000,IF($N$8="10만",100000,150000))) -> 0 | O83: =IF(K83-$N83>0,K83-$N83,0) -> 350000 | P83: =IF(L83-$N83>0,L83-$N83,0) -> 350000 | Q83: =IF(M83-$N83>0,M83-$N83,0) -> 350000 | R83: =IF($R$5=$O$5,O83,IF($R$5=$P$5,P83,Q83)) -> 350000 | S83: =IF(B83-R83>0,B83-R83,0) -> 1234000 | T83: =ROUNDDOWN((S83/24*1.059)+(VLOOKUP(I83,[2]구분자!$P:$Q,2,FALSE)*0.75),-3) -> 100000
A84: AIPA-256 | B84: =VLOOKUP($A84,출고가!$C:$E,3,FALSE) -> 1584000 | C84: =A84&I84 -> AIPA-256슬림10G | I84: 슬림10G | J84: 49K~61K미만 | K84: 280000 | L84: 280000 | M84: 280000 | N84: =IF($N$8="0원",0,IF($N$8="5만",50000,IF($N$8="10만",100000,150000))) -> 0 | O84: =IF(K84-$N84>0,K84-$N84,0) -> 280000 | P84: =IF(L84-$N84>0,L84-$N84,0) -> 280000 | Q84: =IF(M84-$N84>0,M84-$N84,0) -> 280000 | R84: =IF($R$5=$O$5,O84,IF($R$5=$P$5,P84,Q84)) -> 280000 | S84: =IF(B84-R84>0,B84-R84,0) -> 1304000 | T84: =ROUNDDOWN((S84/24*1.059)+(VLOOKUP(I84,[2]구분자!$P:$Q,2,FALSE)*0.75),-3) -> 95000
A85: AIPA-256 | B85: =VLOOKUP($A85,출고가!$C:$E,3,FALSE) -> 1584000 | C85: =A85&I85 -> AIPA-256슬림4G | I85: 슬림4G | J85: 33K~49K미만 | K85: 230000 | L85: 230000 | M85: 230000 | N85: =IF($N$8="0원",0,IF($N$8="5만",50000,IF($N$8="10만",100000,150000))) -> 0 | O85: =IF(K85-$N85>0,K85-$N85,0) -> 230000 | P85: =IF(L85-$N85>0,L85-$N85,0) -> 230000 | Q85: =IF(M85-$N85>0,M85-$N85,0) -> 230000 | R85: =IF($R$5=$O$5,O85,IF($R$5=$P$5,P85,Q85)) -> 230000 | S85: =IF(B85-R85>0,B85-R85,0) -> 1354000 | T85: =ROUNDDOWN((S85/24*1.059)+(VLOOKUP(I85,[2]구분자!$P:$Q,2,FALSE)*0.75),-3) -> 87000
A86: AIPA-512 | B86: =VLOOKUP($A86,출고가!$C:$E,3,FALSE) -> 1881000 | C86: =A86&I86 -> AIPA-512베이직 | E86: 5G | F86: =A86 -> AIPA-512 | G86: =VLOOKUP(F86,출고가!C:D,2,0) -> iPhone Air 512GB | H86: =B86 -> 1881000 | I86: 베이직 | J86: 80K이상 | K86: 420000 | L86: 420000 | M86: 420000 | N86: =IF($N$8="0원",0,IF($N$8="5만",50000,IF($N$8="10만",100000,150000))) -> 0 | O86: =IF(K86-$N86>0,K86-$N86,0) -> 420000 | P86: =IF(L86-$N86>0,L86-$N86,0) -> 420000 | Q86: =IF(M86-$N86>0,M86-$N86,0) -> 420000 | R86: =IF($R$5=$O$5,O86,IF($R$5=$P$5,P86,Q86)) -> 420000 | S86: =IF(B86-R86>0,B86-R86,0) -> 1461000 | T86: =ROUNDDOWN((S86/24*1.059)+(VLOOKUP(I86,[2]구분자!$P:$Q,2,FALSE)*0.75),-3) -> 124000
A87: AIPA-512 | B87: =VLOOKUP($A87,출고가!$C:$E,3,FALSE) -> 1881000 | C87: =A87&I87 -> AIPA-512심플30G | I87: 심플30G | J87: 61K~69K미만 | K87: 350000 | L87: 350000 | M87: 350000 | N87: =IF($N$8="0원",0,IF($N$8="5만",50000,IF($N$8="10만",100000,150000))) -> 0 | O87: =IF(K87-$N87>0,K87-$N87,0) -> 350000 | P87: =IF(L87-$N87>0,L87-$N87,0) -> 350000 | Q87: =IF(M87-$N87>0,M87-$N87,0) -> 350000 | R87: =IF($R$5=$O$5,O87,IF($R$5=$P$5,P87,Q87)) -> 350000 | S87: =IF(B87-R87>0,B87-R87,0) -> 1531000 | T87: =ROUNDDOWN((S87/24*1.059)+(VLOOKUP(I87,[2]구분자!$P:$Q,2,FALSE)*0.75),-3) -> 113000
A88: AIPA-512 | B88: =VLOOKUP($A88,출고가!$C:$E,3,FALSE) -> 1881000 | C88: =A88&I88 -> AIPA-512슬림10G | I88: 슬림10G | J88: 49K~61K미만 | K88: 280000 | L88: 280000 | M88: 280000 | N88: =IF($N$8="0원",0,IF($N$8="5만",50000,IF($N$8="10만",100000,150000))) -> 0 | O88: =IF(K88-$N88>0,K88-$N88,0) -> 280000 | P88: =IF(L88-$N88>0,L88-$N88,0) -> 280000 | Q88: =IF(M88-$N88>0,M88-$N88,0) -> 280000 | R88: =IF($R$5=$O$5,O88,IF($R$5=$P$5,P88,Q88)) -> 280000 | S88: =IF(B88-R88>0,B88-R88,0) -> 1601000 | T88: =ROUNDDOWN((S88/24*1.059)+(VLOOKUP(I88,[2]구분자!$P:$Q,2,FALSE)*0.75),-3) -> 108000
A89: AIPA-512 | B89: =VLOOKUP($A89,출고가!$C:$E,3,FALSE) -> 1881000 | C89: =A89&I89 -> AIPA-512슬림4G | I89: 슬림4G | J89: 33K~49K미만 | K89: 230000 | L89: 230000 | M89: 230000 | N89: =IF($N$8="0원",0,IF($N$8="5만",50000,IF($N$8="10만",100000,150000))) -> 0 | O89: =IF(K89-$N89>0,K89-$N89,0) -> 230000 | P89: =IF(L89-$N89>0,L89-$N89,0) -> 230000 | Q89: =IF(M89-$N89>0,M89-$N89,0) -> 230000 | R89: =IF($R$5=$O$5,O89,IF($R$5=$P$5,P89,Q89)) -> 230000 | S89: =IF(B89-R89>0,B89-R89,0) -> 1651000 | T89: =ROUNDDOWN((S89/24*1.059)+(VLOOKUP(I89,[2]구분자!$P:$Q,2,FALSE)*0.75),-3) -> 100000
A90: AIP17P-256 | B90: =VLOOKUP($A90,출고가!$C:$E,3,FALSE) -> 1782000 | C90: =A90&I90 -> AIP17P-256베이직 | E90: 5G | F90: =A90 -> AIP17P-256 | G90: =VLOOKUP(F90,출고가!C:D,2,0) -> iPhone 17 Pro 256GB | H90: =B90 -> 1782000 | I90: 베이직 | J90: 80K이상 | K90: 420000 | L90: 420000 | M90: 420000 | N90: =IF($N$8="0원",0,IF($N$8="5만",50000,IF($N$8="10만",100000,150000))) -> 0 | O90: =IF(K90-$N90>0,K90-$N90,0) -> 420000 | P90: =IF(L90-$N90>0,L90-$N90,0) -> 420000 | Q90: =IF(M90-$N90>0,M90-$N90,0) -> 420000 | R90: =IF($R$5=$O$5,O90,IF($R$5=$P$5,P90,Q90)) -> 420000 | S90: =IF(B90-R90>0,B90-R90,0) -> 1362000 | T90: =ROUNDDOWN((S90/24*1.059)+(VLOOKUP(I90,[2]구분자!$P:$Q,2,FALSE)*0.75),-3) -> 120000
A91: AIP17P-256 | B91: =VLOOKUP($A91,출고가!$C:$E,3,FALSE) -> 1782000 | C91: =A91&I91 -> AIP17P-256심플30G | I91: 심플30G | J91: 61K~69K미만 | K91: 350000 | L91: 350000 | M91: 350000 | N91: =IF($N$8="0원",0,IF($N$8="5만",50000,IF($N$8="10만",100000,150000))) -> 0 | O91: =IF(K91-$N91>0,K91-$N91,0) -> 350000 | P91: =IF(L91-$N91>0,L91-$N91,0) -> 350000 | Q91: =IF(M91-$N91>0,M91-$N91,0) -> 350000 | R91: =IF($R$5=$O$5,O91,IF($R$5=$P$5,P91,Q91)) -> 350000 | S91: =IF(B91-R91>0,B91-R91,0) -> 1432000 | T91: =ROUNDDOWN((S91/24*1.059)+(VLOOKUP(I91,[2]구분자!$P:$Q,2,FALSE)*0.75),-3) -> 108000
A92: AIP17P-256 | B92: =VLOOKUP($A92,출고가!$C:$E,3,FALSE) -> 1782000 | C92: =A92&I92 -> AIP17P-256슬림10G | I92: 슬림10G | J92: 49K~61K미만 | K92: 280000 | L92: 280000 | M92: 280000 | N92: =IF($N$8="0원",0,IF($N$8="5만",50000,IF($N$8="10만",100000,150000))) -> 0 | O92: =IF(K92-$N92>0,K92-$N92,0) -> 280000 | P92: =IF(L92-$N92>0,L92-$N92,0) -> 280000 | Q92: =IF(M92-$N92>0,M92-$N92,0) -> 280000 | R92: =IF($R$5=$O$5,O92,IF($R$5=$P$5,P92,Q92)) -> 280000 | S92: =IF(B92-R92>0,B92-R92,0) -> 1502000 | T92: =ROUNDDOWN((S92/24*1.059)+(VLOOKUP(I92,[2]구분자!$P:$Q,2,FALSE)*0.75),-3) -> 103000
A93: AIP17P-256 | B93: =VLOOKUP($A93,출고가!$C:$E,3,FALSE) -> 1782000 | C93: =A93&I93 -> AIP17P-256슬림4G | I93: 슬림4G | J93: 33K~49K미만 | K93: 230000 | L93: 230000 | M93: 230000 | N93: =IF($N$8="0원",0,IF($N$8="5만",50000,IF($N$8="10만",100000,150000))) -> 0 | O93: =IF(K93-$N93>0,K93-$N93,0) -> 230000 | P93: =IF(L93-$N93>0,L93-$N93,0) -> 230000 | Q93: =IF(M93-$N93>0,M93-$N93,0) -> 230000 | R93: =IF($R$5=$O$5,O93,IF($R$5=$P$5,P93,Q93)) -> 230000 | S93: =IF(B93-R93>0,B93-R93,0) -> 1552000 | T93: =ROUNDDOWN((S93/24*1.059)+(VLOOKUP(I93,[2]구분자!$P:$Q,2,FALSE)*0.75),-3) -> 96000
A94: AIP17P-512 | B94: =VLOOKUP($A94,출고가!$C:$E,3,FALSE) -> 2090000 | C94: =A94&I94 -> AIP17P-512베이직 | E94: 5G | F94: =A94 -> AIP17P-512 | G94: =VLOOKUP(F94,출고가!C:D,2,0) -> iPhone 17 Pro 512GB | H94: =B94 -> 2090000 | I94: 베이직 | J94: 80K이상 | K94: 420000 | L94: 420000 | M94: 420000 | N94: =IF($N$8="0원",0,IF($N$8="5만",50000,IF($N$8="10만",100000,150000))) -> 0 | O94: =IF(K94-$N94>0,K94-$N94,0) -> 420000 | P94: =IF(L94-$N94>0,L94-$N94,0) -> 420000 | Q94: =IF(M94-$N94>0,M94-$N94,0) -> 420000 | R94: =IF($R$5=$O$5,O94,IF($R$5=$P$5,P94,Q94)) -> 420000 | S94: =IF(B94-R94>0,B94-R94,0) -> 1670000 | T94: =ROUNDDOWN((S94/24*1.059)+(VLOOKUP(I94,[2]구분자!$P:$Q,2,FALSE)*0.75),-3) -> 133000
A95: AIP17P-512 | B95: =VLOOKUP($A95,출고가!$C:$E,3,FALSE) -> 2090000 | C95: =A95&I95 -> AIP17P-512심플30G | I95: 심플30G | J95: 61K~69K미만 | K95: 350000 | L95: 350000 | M95: 350000 | N95: =IF($N$8="0원",0,IF($N$8="5만",50000,IF($N$8="10만",100000,150000))) -> 0 | O95: =IF(K95-$N95>0,K95-$N95,0) -> 350000 | P95: =IF(L95-$N95>0,L95-$N95,0) -> 350000 | Q95: =IF(M95-$N95>0,M95-$N95,0) -> 350000 | R95: =IF($R$5=$O$5,O95,IF($R$5=$P$5,P95,Q95)) -> 350000 | S95: =IF(B95-R95>0,B95-R95,0) -> 1740000 | T95: =ROUNDDOWN((S95/24*1.059)+(VLOOKUP(I95,[2]구분자!$P:$Q,2,FALSE)*0.75),-3) -> 122000
A96: AIP17P-512 | B96: =VLOOKUP($A96,출고가!$C:$E,3,FALSE) -> 2090000 | C96: =A96&I96 -> AIP17P-512슬림10G | I96: 슬림10G | J96: 49K~61K미만 | K96: 280000 | L96: 280000 | M96: 280000 | N96: =IF($N$8="0원",0,IF($N$8="5만",50000,IF($N$8="10만",100000,150000))) -> 0 | O96: =IF(K96-$N96>0,K96-$N96,0) -> 280000 | P96: =IF(L96-$N96>0,L96-$N96,0) -> 280000 | Q96: =IF(M96-$N96>0,M96-$N96,0) -> 280000 | R96: =IF($R$5=$O$5,O96,IF($R$5=$P$5,P96,Q96)) -> 280000 | S96: =IF(B96-R96>0,B96-R96,0) -> 1810000 | T96: =ROUNDDOWN((S96/24*1.059)+(VLOOKUP(I96,[2]구분자!$P:$Q,2,FALSE)*0.75),-3) -> 117000
A97: AIP17P-512 | B97: =VLOOKUP($A97,출고가!$C:$E,3,FALSE) -> 2090000 | C97: =A97&I97 -> AIP17P-512슬림4G | I97: 슬림4G | J97: 33K~49K미만 | K97: 230000 | L97: 230000 | M97: 230000 | N97: =IF($N$8="0원",0,IF($N$8="5만",50000,IF($N$8="10만",100000,150000))) -> 0 | O97: =IF(K97-$N97>0,K97-$N97,0) -> 230000 | P97: =IF(L97-$N97>0,L97-$N97,0) -> 230000 | Q97: =IF(M97-$N97>0,M97-$N97,0) -> 230000 | R97: =IF($R$5=$O$5,O97,IF($R$5=$P$5,P97,Q97)) -> 230000 | S97: =IF(B97-R97>0,B97-R97,0) -> 1860000 | T97: =ROUNDDOWN((S97/24*1.059)+(VLOOKUP(I97,[2]구분자!$P:$Q,2,FALSE)*0.75),-3) -> 109000
A98: AIP17PM-256 | B98: =VLOOKUP($A98,출고가!$C:$E,3,FALSE) -> 1980000 | C98: =A98&I98 -> AIP17PM-256베이직 | E98: 5G | F98: =A98 -> AIP17PM-256 | G98: =VLOOKUP(F98,출고가!C:D,2,0) -> iPhone 17 Pro Max 256GB | H98: =B98 -> 1980000 | I98: 베이직 | J98: 80K이상 | K98: 420000 | L98: 420000 | M98: 420000 | N98: =IF($N$8="0원",0,IF($N$8="5만",50000,IF($N$8="10만",100000,150000))) -> 0 | O98: =IF(K98-$N98>0,K98-$N98,0) -> 420000 | P98: =IF(L98-$N98>0,L98-$N98,0) -> 420000 | Q98: =IF(M98-$N98>0,M98-$N98,0) -> 420000 | R98: =IF($R$5=$O$5,O98,IF($R$5=$P$5,P98,Q98)) -> 420000 | S98: =IF(B98-R98>0,B98-R98,0) -> 1560000 | T98: =ROUNDDOWN((S98/24*1.059)+(VLOOKUP(I98,[2]구분자!$P:$Q,2,FALSE)*0.75),-3) -> 128000
A99: AIP17PM-256 | B99: =VLOOKUP($A99,출고가!$C:$E,3,FALSE) -> 1980000 | C99: =A99&I99 -> AIP17PM-256심플30G | I99: 심플30G | J99: 61K~69K미만 | K99: 350000 | L99: 350000 | M99: 350000 | N99: =IF($N$8="0원",0,IF($N$8="5만",50000,IF($N$8="10만",100000,150000))) -> 0 | O99: =IF(K99-$N99>0,K99-$N99,0) -> 350000 | P99: =IF(L99-$N99>0,L99-$N99,0) -> 350000 | Q99: =IF(M99-$N99>0,M99-$N99,0) -> 350000 | R99: =IF($R$5=$O$5,O99,IF($R$5=$P$5,P99,Q99)) -> 350000 | S99: =IF(B99-R99>0,B99-R99,0) -> 1630000 | T99: =ROUNDDOWN((S99/24*1.059)+(VLOOKUP(I99,[2]구분자!$P:$Q,2,FALSE)*0.75),-3) -> 117000
A100: AIP17PM-256 | B100: =VLOOKUP($A100,출고가!$C:$E,3,FALSE) -> 1980000 | C100: =A100&I100 -> AIP17PM-256슬림10G | I100: 슬림10G | J100: 49K~61K미만 | K100: 280000 | L100: 280000 | M100: 280000 | N100: =IF($N$8="0원",0,IF($N$8="5만",50000,IF($N$8="10만",100000,150000))) -> 0 | O100: =IF(K100-$N100>0,K100-$N100,0) -> 280000 | P100: =IF(L100-$N100>0,L100-$N100,0) -> 280000 | Q100: =IF(M100-$N100>0,M100-$N100,0) -> 280000 | R100: =IF($R$5=$O$5,O100,IF($R$5=$P$5,P100,Q100)) -> 280000 | S100: =IF(B100-R100>0,B100-R100,0) -> 1700000 | T100: =ROUNDDOWN((S100/24*1.059)+(VLOOKUP(I100,[2]구분자!$P:$Q,2,FALSE)*0.75),-3) -> 112000
A101: AIP17PM-256 | B101: =VLOOKUP($A101,출고가!$C:$E,3,FALSE) -> 1980000 | C101: =A101&I101 -> AIP17PM-256슬림4G | I101: 슬림4G | J101: 33K~49K미만 | K101: 230000 | L101: 230000 | M101: 230000 | N101: =IF($N$8="0원",0,IF($N$8="5만",50000,IF($N$8="10만",100000,150000))) -> 0 | O101: =IF(K101-$N101>0,K101-$N101,0) -> 230000 | P101: =IF(L101-$N101>0,L101-$N101,0) -> 230000 | Q101: =IF(M101-$N101>0,M101-$N101,0) -> 230000 | R101: =IF($R$5=$O$5,O101,IF($R$5=$P$5,P101,Q101)) -> 230000 | S101: =IF(B101-R101>0,B101-R101,0) -> 1750000 | T101: =ROUNDDOWN((S101/24*1.059)+(VLOOKUP(I101,[2]구분자!$P:$Q,2,FALSE)*0.75),-3) -> 104000
A102: AIP17PM-512 | B102: =VLOOKUP($A102,출고가!$C:$E,3,FALSE) -> 2288000 | C102: =A102&I102 -> AIP17PM-512베이직 | E102: 5G | F102: =A102 -> AIP17PM-512 | G102: =VLOOKUP(F102,출고가!C:D,2,0) -> iPhone 17 Pro Max 512GB | H102: =B102 -> 2288000 | I102: 베이직 | J102: 80K이상 | K102: 420000 | L102: 420000 | M102: 420000 | N102: =IF($N$8="0원",0,IF($N$8="5만",50000,IF($N$8="10만",100000,150000))) -> 0 | O102: =IF(K102-$N102>0,K102-$N102,0) -> 420000 | P102: =IF(L102-$N102>0,L102-$N102,0) -> 420000 | Q102: =IF(M102-$N102>0,M102-$N102,0) -> 420000 | R102: =IF($R$5=$O$5,O102,IF($R$5=$P$5,P102,Q102)) -> 420000 | S102: =IF(B102-R102>0,B102-R102,0) -> 1868000 | T102: =ROUNDDOWN((S102/24*1.059)+(VLOOKUP(I102,[2]구분자!$P:$Q,2,FALSE)*0.75),-3) -> 142000
A103: AIP17PM-512 | B103: =VLOOKUP($A103,출고가!$C:$E,3,FALSE) -> 2288000 | C103: =A103&I103 -> AIP17PM-512심플30G | I103: 심플30G | J103: 61K~69K미만 | K103: 350000 | L103: 350000 | M103: 350000 | N103: =IF($N$8="0원",0,IF($N$8="5만",50000,IF($N$8="10만",100000,150000))) -> 0 | O103: =IF(K103-$N103>0,K103-$N103,0) -> 350000 | P103: =IF(L103-$N103>0,L103-$N103,0) -> 350000 | Q103: =IF(M103-$N103>0,M103-$N103,0) -> 350000 | R103: =IF($R$5=$O$5,O103,IF($R$5=$P$5,P103,Q103)) -> 350000 | S103: =IF(B103-R103>0,B103-R103,0) -> 1938000 | T103: =ROUNDDOWN((S103/24*1.059)+(VLOOKUP(I103,[2]구분자!$P:$Q,2,FALSE)*0.75),-3) -> 131000
...

Sheet Sheet3
C5: 갤럭시S24 울트라 256G | I5: 아이폰16E 128G
F6: 공시개통 | G6: 요할개통 | L6: 공시개통 | M6: 요할개통
C7: 단말기 | E7: 최초 구매가 | F7: 1544400 | G7: 1544400 | I7: 단말기 | K7: 최초 구매가 | L7: 1133000 | M7: 1133000
E8: 할인 | F8: =550000+100000 -> 650000 | G8: =550000+100000 -> 650000 | K8: 할인 | L8: 520000 | M8: 520000
E9: 공시할인 | F9: 600000 | K9: 공시할인 | L9: 600000
E10: 최종 구매가 | F10: =F7-F8-F9 -> 294400 | G10: =G7-G8-G9 -> 894400 | K10: 최종 구매가 | L10: =L7-L8-L9 -> 13000 | M10: =M7-M8-M9 -> 613000
C11: 요금 | E11: Y베이직 | F11: 80000 | G11: 80000 | I11: 요금 | K11: Y틴 | L11: 47000 | M11: 47000
C12: 월납부 | D12: 최초6개월 | E12: 단말 | F12: =F10/24+F10*5.9%/24 -> 12990.4 | G12: =G10/24+G10*5.9%/24 -> 39465.4 | I12: 월납부 | J12: 24개월 동일 | K12: 단말 | L12: =L10/24+L10*5.9%/24 -> 573.625 | M12: =M10/24+M10*5.9%/24 -> 27048.625
E13: 요금(Y베이직) | F13: 80000 | G13: =80000*0.75 -> 60000 | K13: 요금(Y틴) | L13: =L11 -> 47000 | M13: =M11*0.75 -> 35250
E14: 최종납부 | F14: =F12+F13 -> 92990.4 | G14: =G12+G13 -> 99465.4 | K14: 최종납부 | L14: =L12+L13 -> 47573.625 | M14: =M12+M13 -> 62298.625
D15: 이후 18개월 | E15: 단말 | F15: =F12 -> 12990.4 | G15: =G12 -> 39465.4 | J15: 이후 18개월 | K15: 단말 | L15: =L12 -> 573.625 | M15: =M12 -> 27048.625
E16: 요금(슬림14G) | F16: 55000 | G16: =55000*0.75 -> 41250 | K16: 요금(슬림14G) | L16: 55000 | M16: =55000*0.75 -> 41250
E17: 최종납부 | F17: =F15+F16 -> 67990.4 | G17: =G15+G16 -> 80715.4 | K17: 최종납부 | L17: =L15+L16 -> 55573.625 | M17: =M15+M16 -> 68298.625
C18: 총납부(24개월) | F18: =F14*6+F17*18 -> 1781769.6 | G18: =G14*6+G17*18 -> 2049669.6 | I18: 총납부(24개월) | L18: =L14*24 -> 1141767 | M18: =M14*24 -> 1495167

Sheet Sheet2
C2: 요금제
C4: 티빙/지니 초이스 프리미엄 | D4: 130000
C5: (유튜브 프리미엄) 초이스 프리미엄 | D5: 130000
C6: 넷플릭스 초이스 프리미엄 | D6: 130000
C7: 시즌/지니 초이스 프리미엄 | D7: 130000
C8: 티빙/밀리 초이스 프리미엄 | D8: 130000
C9: 디즈니+ 초이스 프리미엄 | D9: 130000
C10: BC바로 카드 초이스 프리미엄 | D10: 130000
C11: 현대카드 초이스 프리미엄 | D11: 130000
C12: 우리카드 초이스 프리미엄 | D12: 130000
C13: 코웨이 초이스 프리미엄 | D13: 130000
C14: 삼성 초이스 프리미엄 | D14: 130000
C15: 디바이스 초이스 프리미엄 | D15: 130000
... C54: 5G Y슬림 | D54: 55000
C55: 5G Y틴 | D55: 47000 | E55: 55000 | F55: 슬림
C57: 베이직 | D57: 80000
C58: 5G 심플 | D58: 69000
C59: 5G 심플 110GB | D59: 69000
C60: 5G 심플 70GB | D60: 65000
C61: 5G 심플 50GB | D61: 63000
C62: 5G 심플 30GB | D62: 61000
C63: 5G 슬림 플러스 | D63: 61000
C64: 5G 슬림 21GB | D64: 58000
C65: 5G 슬림(이월) 21GB | D65: 58000
C66: 5G 슬림 | D66: 55000
C67: 5G 슬림 14GB | D67: 55000
C68: 5G 슬림(이월) 14GB | D68: 55000
... C76: 5G 슬림(이월) 4GB | D76: 37000
C77: 5G 주니어 | D77: 38000 | E77: 55000 | F77: 슬림
C78: 5G 주니어 슬림 | D78: 28000 | E78: 45000 | F78: 세이브
C81: 5G 시니어 베이직 | D81: 49000 | E81: 61000 | F81: 슬림플러스
C82: 5G 시니어 A형 | D82: 44000 | E82: 55000 | F82: 슬림
C83: 5G 시니어 B형 | D83: 42000 | E83: 55000 | F83: 슬림
C84: 5G 시니어 C형 | D84: 41000 | E84: 55000 | F84: 슬림
C87: 베이직 복지 | D87: 80000
C88: 심플 복지 | D88: 69000
C89: 슬림 복지 | D89: 55000
C92: LTE 베이직 | D92: 33000
C93: 데이터투게더Watch | D93: 11000
C94: 5G 데이터투게더 | D94: 19800
C95: 데이터 ON 톡 플러스 | D95: 49000
C96: Y데이터 ON 프리미엄 | D96: 69000
C97: 데이터ON 톡 | D97: 49000
C98: 데이터ON 시니어 | D98: 49000
C99: LTE 데이터 선택 65.8 | D99: 65800

Sheet 개별접수 URL
B3: 모델 | C3: 모델명 | D3: 형태 | E3: URL
D4: 신규
D5: 기변
D6: MNP
B7: SM-F956NK | C7: Z Fold6 | D7: 신규 | E7: https://online.kt.com/index.jsp?prdcID=DB092B16-13AE-4132-875E-367872F58991
D8: 기변 | E8: https://online.kt.com/index.jsp?prdcID=331AE147-ADA1-4381-902E-16231FB152C7
D9: MNP | E9: https://online.kt.com/index.jsp?prdcID=D14DE1CF-2CCE-4FE6-A3E3-0D283E30C400
B10: SM-F741NK512 | C10: Z Flip6 | D10: 신규 | E10: https://online.kt.com/index.jsp?prdcID=B38A5447-CDE3-458E-90E2-55FB94F25FF5
D11: 기변 | E11: https://online.kt.com/index.jsp?prdcID=9D5BFC31-DD17-4498-9D9D-967C321F918D
D12: MNP | E12: https://online.kt.com/index.jsp?prdcID=5407438A-D35D-4A6F-806F-0352342A460A
B13: SM-S921NK | C13: S24 | D13: 신규 | E13: http://online.kt.com/index.jsp?prdcID=3C018A8E-CD0A-46C2-82C6-8C19F261F4F6
D14: 기변 | E14: http://online.kt.com/index.jsp?prdcID=F55AC94D-D2BD-497E-9E91-C8DB5910F3FC
D15: MNP | E15: http://online.kt.com/index.jsp?prdcID=1B7F40BF-F23F-4A9C-A158-909373C3AA4B
B16: SM-S926NK | C16: S24+ | D16: 신규
D17: 기변
D18: MNP
B19: SM-S926NK | C19: S24+ | D19: 신규 | E19: http://online.kt.com/index.jsp?prdcID=4E89440A-9F1A-4186-A399-5C4E9B6A1D96
D20: 기변 | E20: http://online.kt.com/index.jsp?prdcID=F07584FF-1983-4E9E-BBA8-7D677278B3F7
D21: MNP | E21: http://online.kt.com/index.jsp?prdcID=3EBDA557-F83B-447D-9486-2F2F4D860F76
B22: SM-S928NK | C22: S24울트라 | D22: 신규
D23: 기변
D24: MNP
B25: SM-S928NK | C25: S24울트라 | D25: 신규 | E25: http://online.kt.com/index.jsp?prdcID=3447A192-DF9A-42A2-BA20-10AA29012229
D26: 기변 | E26: http://online.kt.com/index.jsp?prdcID=BF263F71-1E40-4072-9D86-A1DD7CC54CB5
D27: MNP | E27: http://online.kt.com/index.jsp?prdcID=2EE05656-2B01-4F0E-B525-27E5118A4C0C
B28: SM-F731 | C28: Z Flip5 | D28: 신규 | E28: http://online.kt.com/index.jsp?prdcID=BCC0215A-3499-49CC-8670-FD0C8E7DE2E4
D29: 기변 | E29: http://online.kt.com/index.jsp?prdcID=30E74E4D-8CEC-4D6A-A18C-A1A8D1F3B659
D30: MNP | E30: http://online.kt.com/index.jsp?prdcID=FA18D316-5CA1-4544-93A3-9CEBE5CD78BA
B31: SM-F946 | C31: Z Fold5 | D31: 신규 | E31: http://online.kt.com/index.jsp?prdcID=DA656364-AA28-4184-B227-F00E368B519E
D32: 기변 | E32: http://online.kt.com/index.jsp?prdcID=ED41E141-9E3A-429A-913E-0A49C7C55A89
D33: MNP | E33: http://online.kt.com/index.jsp?prdcID=B87DFC09-7680-4C2A-B750-2880DF211FE8
B34: SM-S711 | C34: S23FE | D34: 신규 | E34: http://online.kt.com/index.jsp?prdcID=7FEC2B12-17E2-4ED5-B70F-BEAB0B4BA465
D35: 기변 | E35: http://online.kt.com/index.jsp?prdcID=71FFEA20-0DD7-43C7-8FB7-298913879154
D36: MNP | E36: http://online.kt.com/index.jsp?prdcID=0E1D90A6-3387-4D4A-8A36-A5025D57EF00
B37: SM-S911 | C37: S23 | D37: 신규 | E37: http://online.kt.com/index.jsp?prdcID=1E3314B5-54BE-497C-A3D7-FD74902163C3
D38: 기변 | E38: http://online.kt.com/index.jsp?prdcID=31D76568-748B-4611-96B5-B6619AC2E343
D39: MNP | E39: http://online.kt.com/index.jsp?prdcID=9CEB6A5E-4088-4BC3-85A9-584CF7A6BEF9
B40: SM-S916 | C40: S23+ | D40: 신규 | E40: http://online.kt.com/index.jsp?prdcID=CCD369C4-5C73-4F57-90D5-5900E91B1835
D41: 기변 | E41: http://online.kt.com/index.jsp?prdcID=2491AC2F-FEF5-435C-A0C9-77E997D49979
D42: MNP | E42: http://online.kt.com/index.jsp?prdcID=E6598325-4444-47D3-9215-12ECDB7364EC
B43: SM-S918 | C43: S23울트라 | D43: 신규 | E43: http://online.kt.com/index.jsp?prdcID=4C5D10FA-D201-4E56-B552-CCCBD9821A1C
D44: 기변 | E44: http://online.kt.com/index.jsp?prdcID=0A25015A-D101-4FE4-A73D-43420D27244A
D45: MNP | E45: http://online.kt.com/index.jsp?prdcID=C28F7667-0FBC-45A7-9DF9-F1CFC34CF07A
B46: SM-F721 | C46: Z Flip4 | D46: 신규 | E46: http://online.kt.com/index.jsp?prdcID=9BDAC0CE-D215-4E5A-85E7-2D09C8ED7C0E
D47: 기변 | E47: http://online.kt.com/index.jsp?prdcID=D492D16D-607F-43D3-B538-36E116F50344
D48: MNP | E48: http://online.kt.com/index.jsp?prdcID=ADBE7546-4CB3-4C74-A03F-8B23842F037B
B49: SM-F936 | C49: Z Fold4 | D49: 신규 | E49: http://online.kt.com/index.jsp?prdcID=F7060F12-0630-4283-A419-E1C6F5519C78
D50: 기변 | E50: http://online.kt.com/index.jsp?prdcID=45B054B9-FC3F-48F6-91D9-7AC8186FB2F6
D51: MNP | E51: http://online.kt.com/index.jsp?prdcID=19FC9321-E27F-4180-8868-E1756A9014C6
B52: A346(5G) | C52: 갤럭시A34 | D52: 신규 | E52: http://online.kt.com/index.jsp?prdcID=8E2CE797-ABA0-408C-B095-B5086B784B48
D53: 기변 | E53: http://online.kt.com/index.jsp?prdcID=79EB2CA3-9B36-49A8-A136-CF53C022759E
D54: MNP | E54: http://online.kt.com/index.jsp?prdcID=49FB775D-D205-402C-8BF7-BC73CAC32C32
B55: A256 | C55: 갤럭시A25 | D55: 신규 | E55: http://online.kt.com/index.jsp?prdcID=2A23A5F6-2F04-4C07-8607-00028790198B
D56: 기변 | E56: http://online.kt.com/index.jsp?prdcID=A95B88C8-38BC-4FC3-BC05-2E0306FCF5B7
D57: MNP | E57: http://online.kt.com/index.jsp?prdcID=11F8FAE7-44E0-4E6A-867E-40C3A567D7DE
B58: M446 | C58: 갤럭시 JUMP3 | D58: 신규 | E58: http://online.kt.com/index.jsp?prdcID=122234E8-1249-438E-8911-D3C818B7AC51
D59: 기변 | E59: http://online.kt.com/index.jsp?prdcID=F53D2DFC-D804-4E21-A7C6-25148199AFAD
D60: MNP | E60: http://online.kt.com/index.jsp?prdcID=AC18A707-F252-4D94-AF37-F42F995D6F7E
B61: A245 | C61: 갤럭시A24 | D61: 신규 | E61: http://online.kt.com/index.jsp?prdcID=41E2517E-0107-49B5-8D63-24DE96D32630
D62: 기변 | E62: http://online.kt.com/index.jsp?prdcID=1B97C2B4-CD3F-4F45-9497-678529BB6858
D63: MNP | E63: http://online.kt.com/index.jsp?prdcID=431CA1A9-7322-47F2-8222-7328C7D297CB
B64: AIPSE3-64 | C64: iPhone SE 3세대 64G | D64: 신규 | E64: http://online.kt.com/index.jsp?prdcID=4DD20A5C-2CA5-452A-A9D4-B6B413796FFA
D65: 기변 | E65: http://online.kt.com/index.jsp?prdcID=3FA3F292-9FAB-4F47-BB3E-10029EE124ED
D66: MNP | E66: http://online.kt.com/index.jsp?prdcID=1E9936A0-88DC-41EA-A0A1-5E73A4A917FE
B67: AIPSE3-128 | C67: iPhone SE 3세대 128G | D67: 신규 | E67: http://online.kt.com/index.jsp?prdcID=208B8561-5B9E-464A-9381-1FADA54AA05E
D68: 기변 | E68: http://online.kt.com/index.jsp?prdcID=4CCDBBE4-DA1E-4723-B3F8-C38734317615
D69: MNP | E69: http://online.kt.com/index.jsp?prdcID=A99CD043-7917-4BF1-83FE-F4ECC684337B
B70: AIPSE3-256 | C70: iPhone SE 3세대 256G | D70: 신규 | E70: http://online.kt.com/index.jsp?prdcID=20827A08-E1AA-44BA-A3CC-29C72702F26D
D71: 기변 | E71: http://online.kt.com/index.jsp?prdcID=D7C8BE70-515A-45C1-9148-DE357572F808
D72: MNP | E72: http://online.kt.com/index.jsp?prdcID=38A8F409-5E78-4813-925A-8661183193D0
B73: AIP15-128 | C73: iPhone 15 128G | D73: 신규 | E73: http://online.kt.com/index.jsp?prdcID=F3BB1F20-E3AB-4B26-B8A7-6D8B1683C956
D74: 기변 | E74: http://online.kt.com/index.jsp?prdcID=99CBF38B-DC48-4AC7-918E-30ED6C5286CB
D75: MNP | E75: http://online.kt.com/index.jsp?prdcID=692CC6FC-B2A6-48EA-9BB9-CB08B1B26694
B76: AIP15-256 | C76: iPhone 15 256G | D76: 신규 | E76: http://online.kt.com/index.jsp?prdcID=6EA0E67E-BADA-4438-9D84-15990331A998
D77: 기변 | E77: http://online.kt.com/index.jsp?prdcID=84B7E5C4-45E9-4AB2-B461-C0D4C6BE0872
D78: MNP | E78: http://online.kt.com/index.jsp?prdcID=4BA568F4-D344-4A08-946E-1115CE764D57
B79: AIP15-512 | C79: iPhone 15 512G | D79: 신규 | E79: http://online.kt.com/index.jsp?prdcID=4D889313-31BC-49C3-81CE-44BF85CCE1EE
D80: 기변 | E80: http://online.kt.com/index.jsp?prdcID=4807FF6D-147B-408D-BB1E-227DD2C3F285
D81: MNP | E81: http://online.kt.com/index.jsp?prdcID=84B98D42-8B9E-45DB-9B72-794293E22A4C
B82: AIP15PS-128 | C82: iPhone 15 Plus 128G | D82: 신규 | E82: http://online.kt.com/index.jsp?prdcID=7793E314-A985-45D2-88CB-BDD19E745ECD
D83: 기변 | E83: http://online.kt.com/index.jsp?prdcID=8939B228-00BF-4CCB-B529-FE455A0EA297
D84: MNP | E84: http://online.kt.com/index.jsp?prdcID=415AC892-3EFB-495E-A282-E54410A24E7A
B85: AIP15PS-256 | C85: iPhone 15 Plus 256G | D85: 신규 | E85: http://online.kt.com/index.jsp?prdcID=D366BDE5-96CF-4947-BB1A-A836D0541D95
D86: 기변 | E86: http://online.kt.com/index.jsp?prdcID=B8CCB6CB-7208-48ED-A66E-9B36357BCA41
D87: MNP | E87: http://online.kt.com/index.jsp?prdcID=C7DD989D-E521-418E-A7DB-145DF7B98E79
B88: AIP15PS-512 | C88: iPhone 15 Plus 512G | D88: 신규 | E88: http://online.kt.com/index.jsp?prdcID=39C34425-F31C-4228-BF60-A95FD99D3AE2
D89: 기변 | E89: http://online.kt.com/index.jsp?prdcID=0E628745-8BC8-43A4-AA60-E835BBBA205B
D90: MNP | E90: http://online.kt.com/index.jsp?prdcID=593D17D1-511F-44AC-95D2-262E0257B7BD
B91: AIP15P-128 | C91: iPhone 15 Pro 128G | D91: 신규 | E91: http://online.kt.com/index.jsp?prdcID=ECAA6A61-C5E0-4026-AE7E-9DCA1DDA436B
D92: 기변 | E92: http://online.kt.com/index.jsp?prdcID=7875822A-6AAA-4EB7-8FEF-C8B8468D1C36
D93: MNP | E93: http://online.kt.com/index.jsp?prdcID=EE7DCBBE-1E9C-44E6-9301-9D6B8EA7139D
B94: AIP15P-256 | C94: iPhone 15 Pro 256G | D94: 신규 | E94: http://online.kt.com/index.jsp?prdcID=4974DD0E-AC61-441F-9B1C-0AA2007B5E66
D95: 기변 | E95: http://online.kt.com/index.jsp?prdcID=4C16C4CB-9C30-4945-A5E7-5A9B214045A9
D96: MNP | E96: http://online.kt.com/index.jsp?prdcID=F926F755-193C-4F47-8CF1-0A1D19832B5B
B97: AIP15P-512 | C97: iPhone 15 Pro 512G | D97: 신규 | E97: http://online.kt.com/index.jsp?prdcID=E50AD883-AC5C-4AC7-A641-6E8CF521FC09
D98: 기변 | E98: http://online.kt.com/index.jsp?prdcID=0B9D56CD-83FB-4197-93D6-47E03EA003D6
D99: MNP | E99: http://online.kt.com/index.jsp?prdcID=09D546A4-0A40-49CE-BB63-8B0DD006D444
B100: AIP15PM-256 | C100: iPhone 15 Pro Max 256G | D100: 신규 | E100: http://online.kt.com/index.jsp?prdcID=F54F9FA8-B015-461C-B26B-CADCCAA1EEF2
D101: 기변 | E101: http://online.kt.com/index.jsp?prdcID=DAB19740-8B0D-4CED-A3C7-00CDFD53DAB4
D102: MNP | E102: http://online.kt.com/index.jsp?prdcID=9F3EE6ED-89E3-44FA-8ABA-E93702349211
...

Sheet 사내 MGM_1Q 2호(0311 ~) (2)
D1: 제조사 | E1: 구분 | F1: 모델명 | G1: 모델펫네임 | H1: 출고가 | I1: 요금제 | J1: 요금제 구간 | K1: 합계
A2: 모델 | B2: 출고가 | C2: 모델명&요금제 | D2: 제조사 | E2: 구분 | F2: 모델명 | G2: 모델펫네임 | H2: 출고가 | I2: 요금제 | J2: 요금제 구간 | K2: 010신규 | L2: 번호이동 | M2: 기기변경
D3: 유심 | E3: 5G | F3: 유심단독 | I3: 베이직 | J3: 80K이상 | K3: 170000 | L3: 300000
D4: 유심 | E4: 5G | F4: 유심단독 | I4: 심플30G | J4: 61K~80K미만 | K4: 150000 | L4: 220000
D5: 유심 | E5: 5G | F5: 유심단독 | I5: 슬림10G | J5: 49K~61K미만 | K5: 120000 | L5: 180000
D6: 유심 | E6: 5G | F6: 유심단독 | I6: 슬림4G | J6: 33K~49K미만 | K6: 80000 | L6: 130000
A7: SM-S942NK | B7: =VLOOKUP($A7,출고가!$C:$E,3,FALSE) -> 1254000 | C7: =A7&I7 -> SM-S942NK베이직 | D7: 삼성 | E7: 5G | F7: =A7 -> SM-S942NK | G7: =VLOOKUP(F7,출고가!C:D,2,0) -> 갤럭시S26 (256GB) | H7: =B7 -> 1254000 | I7: 베이직 | J7: 80K이상 | K7: 450000 | L7: 450000 | M7: 400000
A8: SM-S942NK | B8: =VLOOKUP($A8,출고가!$C:$E,3,FALSE) -> 1254000 | C8: =A8&I8 -> SM-S942NK심플30G | D8: 삼성 | E8: 5G | F8: =A8 -> SM-S942NK | G8: =VLOOKUP(F8,출고가!C:D,2,0) -> 갤럭시S26 (256GB) | H8: =B8 -> 1254000 | I8: 심플30G | J8: 61K~80K미만 | K8: 350000 | L8: 350000 | M8: 300000
A9: SM-S942NK | B9: =VLOOKUP($A9,출고가!$C:$E,3,FALSE) -> 1254000 | C9: =A9&I9 -> SM-S942NK슬림10G | D9: 삼성 | E9: 5G | F9: =A9 -> SM-S942NK | G9: =VLOOKUP(F9,출고가!C:D,2,0) -> 갤럭시S26 (256GB) | H9: =B9 -> 1254000 | I9: 슬림10G | J9: 49K~61K미만 | K9: 250000 | L9: 250000 | M9: 200000
A10: SM-S942NK | B10: =VLOOKUP($A10,출고가!$C:$E,3,FALSE) -> 1254000 | C10: =A10&I10 -> SM-S942NK슬림4G | D10: 삼성 | E10: 5G | F10: =A10 -> SM-S942NK | G10: =VLOOKUP(F10,출고가!C:D,2,0) -> 갤럭시S26 (256GB) | H10: =B10 -> 1254000 | I10: 슬림4G | J10: 33K~49K미만 | K10: 150000 | L10: 150000 | M10: 100000
A11: SM-S947NK | B11: =VLOOKUP($A11,출고가!$C:$E,3,FALSE) -> 1452000 | C11: =A11&I11 -> SM-S947NK베이직 | D11: 삼성 | E11: 5G | F11: =A11 -> SM-S947NK | G11: =VLOOKUP(F11,출고가!C:D,2,0) -> 갤럭시S26+ (256GB) | H11: =B11 -> 1452000 | I11: 베이직 | J11: 80K이상 | K11: 450000 | L11: 450000 | M11: 400000
A12: SM-S947NK | B12: =VLOOKUP($A12,출고가!$C:$E,3,FALSE) -> 1452000 | C12: =A12&I12 -> SM-S947NK심플30G | D12: 삼성 | E12: 5G | F12: =A12 -> SM-S947NK | G12: =VLOOKUP(F12,출고가!C:D,2,0) -> 갤럭시S26+ (256GB) | H12: =B12 -> 1452000 | I12: 심플30G | J12: 61K~80K미만 | K12: 350000 | L12: 350000 | M12: 300000
A13: SM-S947NK | B13: =VLOOKUP($A13,출고가!$C:$E,3,FALSE) -> 1452000 | C13: =A13&I13 -> SM-S947NK슬림10G | D13: 삼성 | E13: 5G | F13: =A13 -> SM-S947NK | G13: =VLOOKUP(F13,출고가!C:D,2,0) -> 갤럭시S26+ (256GB) | H13: =B13 -> 1452000 | I13: 슬림10G | J13: 49K~61K미만 | K13: 250000 | L13: 250000 | M13: 200000
A14: SM-S947NK | B14: =VLOOKUP($A14,출고가!$C:$E,3,FALSE) -> 1452000 | C14: =A14&I14 -> SM-S947NK슬림4G | D14: 삼성 | E14: 5G | F14: =A14 -> SM-S947NK | G14: =VLOOKUP(F14,출고가!C:D,2,0) -> 갤럭시S26+ (256GB) | H14: =B14 -> 1452000 | I14: 슬림4G | J14: 33K~49K미만 | K14: 150000 | L14: 150000 | M14: 100000
A15: SM-S948NK | B15: =VLOOKUP($A15,출고가!$C:$E,3,FALSE) -> 1797400 | C15: =A15&I15 -> SM-S948NK베이직 | D15: 삼성 | E15: 5G | F15: =A15 -> SM-S948NK | G15: =VLOOKUP(F15,출고가!C:D,2,0) -> 갤럭시S26 울트라 (256GB) | H15: =B15 -> 1797400 | I15: 베이직 | J15: 80K이상 | K15: 450000 | L15: 450000 | M15: 400000
A16: SM-S948NK | B16: =VLOOKUP($A16,출고가!$C:$E,3,FALSE) -> 1797400 | C16: =A16&I16 -> SM-S948NK심플30G | D16: 삼성 | E16: 5G | F16: =A16 -> SM-S948NK | G16: =VLOOKUP(F16,출고가!C:D,2,0) -> 갤럭시S26 울트라 (256GB) | H16: =B16 -> 1797400 | I16: 심플30G | J16: 61K~80K미만 | K16: 350000 | L16: 350000 | M16: 300000
A17: SM-S948NK | B17: =VLOOKUP($A17,출고가!$C:$E,3,FALSE) -> 1797400 | C17: =A17&I17 -> SM-S948NK슬림10G | D17: 삼성 | E17: 5G | F17: =A17 -> SM-S948NK | G17: =VLOOKUP(F17,출고가!C:D,2,0) -> 갤럭시S26 울트라 (256GB) | H17: =B17 -> 1797400 | I17: 슬림10G | J17: 49K~61K미만 | K17: 250000 | L17: 250000 | M17: 200000
A18: SM-S948NK | B18: =VLOOKUP($A18,출고가!$C:$E,3,FALSE) -> 1797400 | C18: =A18&I18 -> SM-S948NK슬림4G | D18: 삼성 | E18: 5G | F18: =A18 -> SM-S948NK | G18: =VLOOKUP(F18,출고가!C:D,2,0) -> 갤럭시S26 울트라 (256GB) | H18: =B18 -> 1797400 | I18: 슬림4G | J18: 33K~49K미만 | K18: 150000 | L18: 150000 | M18: 100000
A19: SM-F766NK | B19: =VLOOKUP($A19,출고가!$C:$E,3,FALSE) -> 1485000 | C19: =A19&I19 -> SM-F766NK베이직 | D19: 삼성 | E19: 5G | F19: =A19 -> SM-F766NK | G19: =VLOOKUP(F19,[1]출고가!C:D,2,0) -> 갤럭시 Z Flip7 | H19: =B19 -> 1485000 | I19: 베이직 | J19: 80K이상 | K19: 580000 | L19: 580000 | M19: 580000
A20: SM-F766NK | B20: =VLOOKUP($A20,출고가!$C:$E,3,FALSE) -> 1485000 | C20: =A20&I20 -> SM-F766NK심플30G | D20: 삼성 | E20: 5G | F20: =A20 -> SM-F766NK | G20: =VLOOKUP(F20,[1]출고가!C:D,2,0) -> 갤럭시 Z Flip7 | H20: =B20 -> 1485000 | I20: 심플30G | J20: 61K~80K미만 | K20: 530000 | L20: 530000 | M20: 530000
A21: SM-F766NK | B21: =VLOOKUP($A21,출고가!$C:$E,3,FALSE) -> 1485000 | C21: =A21&I21 -> SM-F766NK슬림10G | D21: 삼성 | E21: 5G | F21: =A21 -> SM-F766NK | G21: =VLOOKUP(F21,[1]출고가!C:D,2,0) -> 갤럭시 Z Flip7 | H21: =B21 -> 1485000 | I21: 슬림10G | J21: 49K~61K미만 | K21: 480000 | L21: 480000 | M21: 480000
A22: SM-F766NK | B22: =VLOOKUP($A22,출고가!$C:$E,3,FALSE) -> 1485000 | C22: =A22&I22 -> SM-F766NK슬림4G | D22: 삼성 | E22: 5G | F22: =A22 -> SM-F766NK | G22: =VLOOKUP(F22,[1]출고가!C:D,2,0) -> 갤럭시 Z Flip7 | H22: =B22 -> 1485000 | I22: 슬림4G | J22: 33K~49K미만 | K22: 350000 | L22: 350000 | M22: 350000
A23: SM-F966NK | B23: =VLOOKUP($A23,출고가!$C:$E,3,FALSE) -> 2379300 | C23: =A23&I23 -> SM-F966NK베이직 | D23: 삼성 | E23: 5G | F23: =A23 -> SM-F966NK | G23: =VLOOKUP(F23,[1]출고가!C:D,2,0) -> 갤럭시 Z Fold7 | H23: =B23 -> 2379300 | I23: 베이직 | J23: 80K이상 | K23: 580000 | L23: 580000 | M23: 580000
A24: SM-F966NK | B24: =VLOOKUP($A24,출고가!$C:$E,3,FALSE) -> 2379300 | C24: =A24&I24 -> SM-F966NK심플30G | D24: 삼성 | E24: 5G | F24: =A24 -> SM-F966NK | G24: =VLOOKUP(F24,[1]출고가!C:D,2,0) -> 갤럭시 Z Fold7 | H24: =B24 -> 2379300 | I24: 심플30G | J24: 61K~80K미만 | K24: 530000 | L24: 530000 | M24: 530000
A25: SM-F966NK | B25: =VLOOKUP($A25,출고가!$C:$E,3,FALSE) -> 2379300 | C25: =A25&I25 -> SM-F966NK슬림10G | D25: 삼성 | E25: 5G | F25: =A25 -> SM-F966NK | G25: =VLOOKUP(F25,[1]출고가!C:D,2,0) -> 갤럭시 Z Fold7 | H25: =B25 -> 2379300 | I25: 슬림10G | J25: 49K~61K미만 | K25: 480000 | L25: 480000 | M25: 480000
A26: SM-F966NK | B26: =VLOOKUP($A26,출고가!$C:$E,3,FALSE) -> 2379300 | C26: =A26&I26 -> SM-F966NK슬림4G | D26: 삼성 | E26: 5G | F26: =A26 -> SM-F966NK | G26: =VLOOKUP(F26,[1]출고가!C:D,2,0) -> 갤럭시 Z Fold7 | H26: =B26 -> 2379300 | I26: 슬림4G | J26: 33K~49K미만 | K26: 350000 | L26: 350000 | M26: 350000
A27: SM-S937NK | B27: =VLOOKUP($A27,출고가!$C:$E,3,FALSE) -> 1496000 | C27: =A27&I27 -> SM-S937NK베이직 | D27: 삼성 | E27: 5G | F27: =A27 -> SM-S937NK | G27: =VLOOKUP(F27,출고가!C:D,2,0) -> 갤럭시S25 엣지 (256GB) | H27: =B27 -> 1496000 | I27: 베이직 | J27: 80K이상 | K27: 580000 | L27: 580000 | M27: 580000
A28: SM-S937NK | B28: =VLOOKUP($A28,출고가!$C:$E,3,FALSE) -> 1496000 | C28: =A28&I28 -> SM-S937NK심플30G | D28: 삼성 | E28: 5G | F28: =A28 -> SM-S937NK | G28: =VLOOKUP(F28,출고가!C:D,2,0) -> 갤럭시S25 엣지 (256GB) | H28: =B28 -> 1496000 | I28: 심플30G | J28: 61K~80K미만 | K28: 530000 | L28: 530000 | M28: 530000
A29: SM-S937NK | B29: =VLOOKUP($A29,출고가!$C:$E,3,FALSE) -> 1496000 | C29: =A29&I29 -> SM-S937NK슬림10G | D29: 삼성 | E29: 5G | F29: =A29 -> SM-S937NK | G29: =VLOOKUP(F29,출고가!C:D,2,0) -> 갤럭시S25 엣지 (256GB) | H29: =B29 -> 1496000 | I29: 슬림10G | J29: 49K~61K미만 | K29: 480000 | L29: 480000 | M29: 480000
A30: SM-S937NK | B30: =VLOOKUP($A30,출고가!$C:$E,3,FALSE) -> 1496000 | C30: =A30&I30 -> SM-S937NK슬림4G | D30: 삼성 | E30: 5G | F30: =A30 -> SM-S937NK | G30: =VLOOKUP(F30,출고가!C:D,2,0) -> 갤럭시S25 엣지 (256GB) | H30: =B30 -> 1496000 | I30: 슬림4G | J30: 33K~49K미만 | K30: 350000 | L30: 350000 | M30: 350000
A31: SM-S931NK | B31: =VLOOKUP($A31,출고가!$C:$E,3,FALSE) -> 1155000 | C31: =A31&I31 -> SM-S931NK베이직 | D31: 삼성 | E31: 5G | F31: =A31 -> SM-S931NK | G31: =VLOOKUP(F31,출고가!C:D,2,0) -> 갤럭시S25 (256GB) | H31: =B31 -> 1155000 | I31: 베이직 | J31: 80K이상 | K31: 580000 | L31: 580000 | M31: 580000
A32: SM-S931NK | B32: =VLOOKUP($A32,출고가!$C:$E,3,FALSE) -> 1155000 | C32: =A32&I32 -> SM-S931NK심플30G | D32: 삼성 | E32: 5G | F32: =A32 -> SM-S931NK | G32: =VLOOKUP(F32,출고가!C:D,2,0) -> 갤럭시S25 (256GB) | H32: =B32 -> 1155000 | I32: 심플30G | J32: 61K~80K미만 | K32: 530000 | L32: 530000 | M32: 530000
A33: SM-S931NK | B33: =VLOOKUP($A33,출고가!$C:$E,3,FALSE) -> 1155000 | C33: =A33&I33 -> SM-S931NK슬림10G | D33: 삼성 | E33: 5G | F33: =A33 -> SM-S931NK | G33: =VLOOKUP(F33,출고가!C:D,2,0) -> 갤럭시S25 (256GB) | H33: =B33 -> 1155000 | I33: 슬림10G | J33: 49K~61K미만 | K33: 480000 | L33: 480000 | M33: 480000
A34: SM-S931NK | B34: =VLOOKUP($A34,출고가!$C:$E,3,FALSE) -> 1155000 | C34: =A34&I34 -> SM-S931NK슬림4G | D34: 삼성 | E34: 5G | F34: =A34 -> SM-S931NK | G34: =VLOOKUP(F34,출고가!C:D,2,0) -> 갤럭시S25 (256GB) | H34: =B34 -> 1155000 | I34: 슬림4G | J34: 33K~49K미만 | K34: 350000 | L34: 350000 | M34: 350000
A35: SM-S936NK | B35: =VLOOKUP($A35,출고가!$C:$E,3,FALSE) -> 1353000 | C35: =A35&I35 -> SM-S936NK베이직 | D35: 삼성 | E35: 5G | F35: =A35 -> SM-S936NK | G35: =VLOOKUP(F35,출고가!C:D,2,0) -> 갤럭시S25+ (256GB) | H35: =B35 -> 1353000 | I35: 베이직 | J35: 80K이상 | K35: 580000 | L35: 580000 | M35: 580000
A36: SM-S936NK | B36: =VLOOKUP($A36,출고가!$C:$E,3,FALSE) -> 1353000 | C36: =A36&I36 -> SM-S936NK심플30G | D36: 삼성 | E36: 5G | F36: =A36 -> SM-S936NK | G36: =VLOOKUP(F36,출고가!C:D,2,0) -> 갤럭시S25+ (256GB) | H36: =B36 -> 1353000 | I36: 심플30G | J36: 61K~80K미만 | K36: 530000 | L36: 530000 | M36: 530000
A37: SM-S936NK | B37: =VLOOKUP($A37,출고가!$C:$E,3,FALSE) -> 1353000 | C37: =A37&I37 -> SM-S936NK슬림10G | D37: 삼성 | E37: 5G | F37: =A37 -> SM-S936NK | G37: =VLOOKUP(F37,출고가!C:D,2,0) -> 갤럭시S25+ (256GB) | H37: =B37 -> 1353000 | I37: 슬림10G | J37: 49K~61K미만 | K37: 480000 | L37: 480000 | M37: 480000
A38: SM-S936NK | B38: =VLOOKUP($A38,출고가!$C:$E,3,FALSE) -> 1353000 | C38: =A38&I38 -> SM-S936NK슬림4G | D38: 삼성 | E38: 5G | F38: =A38 -> SM-S936NK | G38: =VLOOKUP(F38,출고가!C:D,2,0) -> 갤럭시S25+ (256GB) | H38: =B38 -> 1353000 | I38: 슬림4G | J38: 33K~49K미만 | K38: 350000 | L38: 350000 | M38: 350000
... A63: SM-A175NK | B63: =VLOOKUP($A63,출고가!$C:$E,3,FALSE) -> 319000 | C63: =A63&I63 -> SM-A175NK데이터ON 프리미엄 | D63: 삼성 | E63: LTE | F63: =A63 -> SM-A175NK | G63: =VLOOKUP(F63,출고가!C:D,2,0) -> 갤럭시 A17 | H63: =B63 -> 319000 | I63: 데이터ON 프리미엄 | J63: 49K이상 | K63: 300000 | L63: 300000 | M63: 300000
A64: SM-A165NK | B64: =VLOOKUP($A64,출고가!$C:$E,3,FALSE) -> 319000 | C64: =A64&I64 -> SM-A165NK | D64: 삼성
A65: SM-A175NK | B65: =VLOOKUP($A65,출고가!$C:$E,3,FALSE) -> 319000 | C65: =A65&I65 -> SM-A175NKLTE베이직 | D65: 삼성 | E65: LTE | F65: =A65 -> SM-A175NK | G65: =VLOOKUP(F65,출고가!C:D,2,0) -> 갤럭시 A17 | H65: =B65 -> 319000 | I65: LTE베이직 | J65: 33K~49K미만 | K65: 250000 | L65: 250000 | M65: 250000
A66: SM-A175NK-KP | B66: =VLOOKUP($A66,출고가!$C:$E,3,FALSE) -> 349000 | C66: =A66&I66 -> SM-A175NK-KP데이터ON 프리미엄 | D66: 삼성 | E66: LTE | F66: =A66 -> SM-A175NK-KP | G66: =VLOOKUP(F66,출고가!C:D,2,0) -> 폼폼푸린 키즈폰 | H66: =B66 -> 349000 | I66: 데이터ON 프리미엄 | J66: 49K이상 | K66: 270000 | L66: 270000 | M66: 270000
A67: SM-A175NK-KP | B67: =VLOOKUP($A67,출고가!$C:$E,3,FALSE) -> 349000 | C67: =A67&I67 -> SM-A175NK-KP | D67: 삼성
A68: SM-A175NK-KP | B68: =VLOOKUP($A68,출고가!$C:$E,3,FALSE) -> 349000 | C68: =A68&I68 -> SM-A175NK-KPLTE베이직 | D68: 삼성 | E68: LTE | F68: =A68 -> SM-A175NK-KP | G68: =VLOOKUP(F68,출고가!C:D,2,0) -> 폼폼푸린 키즈폰 | H68: =B68 -> 349000 | I68: LTE베이직 | J68: 33K~49K미만 | K68: 220000 | L68: 220000 | M68: 220000
A69: SM-A165NK | B69: =VLOOKUP($A69,출고가!$C:$E,3,FALSE) -> 319000 | C69: =A69&I69 -> SM-A165NK데이터ON 프리미엄 | D69: 삼성 | E69: LTE | F69: =A69 -> SM-A165NK | G69: =VLOOKUP(F69,출고가!C:D,2,0) -> 갤럭시 A16 | H69: =B69 -> 319000 | I69: 데이터ON 프리미엄 | J69: 49K이상 | K69: 300000 | L69: 300000 | M69: 300000
A70: SM-A165NK | B70: =VLOOKUP($A70,출고가!$C:$E,3,FALSE) -> 319000 | C70: =A70&I70 -> SM-A165NK | D70: 삼성
A71: SM-A165NK | B71: =VLOOKUP($A71,출고가!$C:$E,3,FALSE) -> 319000 | C71: =A71&I71 -> SM-A165NKLTE베이직 | D71: 삼성 | E71: LTE | F71: =A71 -> SM-A165NK | G71: =VLOOKUP(F71,출고가!C:D,2,0) -> 갤럭시 A16 | H71: =B71 -> 319000 | I71: LTE베이직 | J71: 33K~49K미만 | K71: 250000 | L71: 250000 | M71: 250000
A72: SM-A165NK-KP | B72: =VLOOKUP($A72,출고가!$C:$E,3,FALSE) -> 349800 | C72: =A72&I72 -> SM-A165NK-KP데이터ON 프리미엄 | D72: 삼성 | E72: LTE | F72: =A72 -> SM-A165NK-KP | G72: =VLOOKUP(F72,출고가!C:D,2,0) -> 포차코 키즈폰 | H72: =B72 -> 349800 | I72: 데이터ON 프리미엄 | J72: 49K이상 | K72: 270000 | L72: 270000 | M72: 270000
A73: SM-A165NK-KP | B73: =VLOOKUP($A73,출고가!$C:$E,3,FALSE) -> 349800 | C73: =A73&I73 -> SM-A165NK-KP | D73: 삼성
A74: SM-A165NK-KP | B74: =VLOOKUP($A74,출고가!$C:$E,3,FALSE) -> 349800 | C74: =A74&I74 -> SM-A165NK-KPLTE베이직 | D74: 삼성 | E74: LTE | F74: =A74 -> SM-A165NK-KP | G74: =VLOOKUP(F74,출고가!C:D,2,0) -> 포차코 키즈폰 | H74: =B74 -> 349800 | I74: LTE베이직 | J74: 33K~49K미만 | K74: 220000 | L74: 220000 | M74: 220000
A75: SM-A165NK | B75: =VLOOKUP($A75,출고가!$C:$E,3,FALSE) -> 319000 | C75: =A75&I75 -> SM-A165NK데이터ON 프리미엄 | D75: 삼성 | E75: LTE | G75: LTE 모델 공용(A16제외) | I75: 데이터ON 프리미엄 | J75: 49K이상 | K75: 250000 | L75: 250000 | M75: 250000
A76: SM-A165NK | B76: =VLOOKUP($A76,출고가!$C:$E,3,FALSE) -> 319000 | C76: =A76&I76 -> SM-A165NK | D76: 삼성
A77: SM-A165NK | B77: =VLOOKUP($A77,출고가!$C:$E,3,FALSE) -> 319000 | C77: =A77&I77 -> SM-A165NKLTE베이직 | D77: 삼성 | E77: LTE | G77: LTE 모델 공용(A16제외) | I77: LTE베이직 | J77: 33K~49K미만 | K77: 200000 | L77: 200000 | M77: 200000
A78: AIP17-256 | B78: =VLOOKUP($A78,출고가!$C:$E,3,FALSE) -> 1287000 | C78: =A78&I78 -> AIP17-256베이직 | D78: Apple | E78: 5G | F78: =A78 -> AIP17-256 | G78: =VLOOKUP(F78,출고가!C:D,2,0) -> iPhone 17 256GB | H78: =B78 -> 1287000 | I78: 베이직 | J78: 80K이상 | K78: 420000 | L78: 420000 | M78: 420000
A79: AIP17-256 | B79: =VLOOKUP($A79,출고가!$C:$E,3,FALSE) -> 1287000 | C79: =A79&I79 -> AIP17-256심플30G | D79: Apple | E79: 5G | F79: =A79 -> AIP17-256 | G79: =VLOOKUP(F79,출고가!C:D,2,0) -> iPhone 17 256GB | H79: =B79 -> 1287000 | I79: 심플30G | J79: 61K~69K미만 | K79: 350000 | L79: 350000 | M79: 350000
A80: AIP17-256 | B80: =VLOOKUP($A80,출고가!$C:$E,3,FALSE) -> 1287000 | C80: =A80&I80 -> AIP17-256슬림10G | D80: Apple | E80: 5G | F80: =A80 -> AIP17-256 | G80: =VLOOKUP(F80,출고가!C:D,2,0) -> iPhone 17 256GB | H80: =B80 -> 1287000 | I80: 슬림10G | J80: 49K~61K미만 | K80: 280000 | L80: 280000 | M80: 280000
A81: AIP17-256 | B81: =VLOOKUP($A81,출고가!$C:$E,3,FALSE) -> 1287000 | C81: =A81&I81 -> AIP17-256슬림4G | D81: Apple | E81: 5G | F81: =A81 -> AIP17-256 | G81: =VLOOKUP(F81,출고가!C:D,2,0) -> iPhone 17 256GB | H81: =B81 -> 1287000 | I81: 슬림4G | J81: 33K~49K미만 | K81: 230000 | L81: 230000 | M81: 230000
A82: AIP17-512 | B82: =VLOOKUP($A82,출고가!$C:$E,3,FALSE) -> 1584000 | C82: =A82&I82 -> AIP17-512베이직 | D82: Apple | E82: 5G | F82: =A82 -> AIP17-512 | G82: =VLOOKUP(F82,출고가!C:D,2,0) -> iPhone 17 512GB | H82: =B82 -> 1584000 | I82: 베이직 | J82: 80K이상 | K82: 420000 | L82: 420000 | M82: 420000
A83: AIP17-512 | B83: =VLOOKUP($A83,출고가!$C:$E,3,FALSE) -> 1584000 | C83: =A83&I83 -> AIP17-512심플30G | D83: Apple | E83: 5G | F83: =A83 -> AIP17-512 | G83: =VLOOKUP(F83,출고가!C:D,2,0) -> iPhone 17 512GB | H83: =B83 -> 1584000 | I83: 심플30G | J83: 61K~69K미만 | K83: 350000 | L83: 350000 | M83: 350000
A84: AIP17-512 | B84: =VLOOKUP($A84,출고가!$C:$E,3,FALSE) -> 1584000 | C84: =A84&I84 -> AIP17-512슬림10G | D84: Apple | E84: 5G | F84: =A84 -> AIP17-512 | G84: =VLOOKUP(F84,출고가!C:D,2,0) -> iPhone 17 512GB | H84: =B84 -> 1584000 | I84: 슬림10G | J84: 49K~61K미만 | K84: 280000 | L84: 280000 | M84: 280000
A85: AIP17-512 | B85: =VLOOKUP($A85,출고가!$C:$E,3,FALSE) -> 1584000 | C85: =A85&I85 -> AIP17-512슬림4G | D85: Apple | E85: 5G | F85: =A85 -> AIP17-512 | G85: =VLOOKUP(F85,출고가!C:D,2,0) -> iPhone 17 512GB | H85: =B85 -> 1584000 | I85: 슬림4G | J85: 33K~49K미만 | K85: 230000 | L85: 230000 | M85: 230000
A86: AIPA-256 | B86: =VLOOKUP($A86,출고가!$C:$E,3,FALSE) -> 1584000 | C86: =A86&I86 -> AIPA-256베이직 | D86: Apple | E86: 5G | F86: =A86 -> AIPA-256 | G86: =VLOOKUP(F86,출고가!C:D,2,0) -> iPhone Air 256GB | H86: =B86 -> 1584000 | I86: 베이직 | J86: 80K이상 | K86: 420000 | L86: 420000 | M86: 420000
A87: AIPA-256 | B87: =VLOOKUP($A87,출고가!$C:$E,3,FALSE) -> 1584000 | C87: =A87&I87 -> AIPA-256심플30G | D87: Apple | E87: 5G | F87: =A87 -> AIPA-256 | G87: =VLOOKUP(F87,출고가!C:D,2,0) -> iPhone Air 256GB | H87: =B87 -> 1584000 | I87: 심플30G | J87: 61K~69K미만 | K87: 350000 | L87: 350000 | M87: 350000
A88: AIPA-256 | B88: =VLOOKUP($A88,출고가!$C:$E,3,FALSE) -> 1584000 | C88: =A88&I88 -> AIPA-256슬림10G | D88: Apple | E88: 5G | F88: =A88 -> AIPA-256 | G88: =VLOOKUP(F88,출고가!C:D,2,0) -> iPhone Air 256GB | H88: =B88 -> 1584000 | I88: 슬림10G | J88: 49K~61K미만 | K88: 280000 | L88: 280000 | M88: 280000
A89: AIPA-256 | B89: =VLOOKUP($A89,출고가!$C:$E,3,FALSE) -> 1584000 | C89: =A89&I89 -> AIPA-256슬림4G | D89: Apple | E89: 5G | F89: =A89 -> AIPA-256 | G89: =VLOOKUP(F89,출고가!C:D,2,0) -> iPhone Air 256GB | H89: =B89 -> 1584000 | I89: 슬림4G | J89: 33K~49K미만 | K89: 230000 | L89: 230000 | M89: 230000
... A217: AIP15PM-512 | B217: =VLOOKUP($A217,출고가!$C:$E,3,FALSE) -> 1980000 | C217: =A217&I217 -> AIP15PM-512슬림4G | D217: Apple | E217: 5G | F217: =A217 -> AIP15PM-512 | G217: =VLOOKUP(F217,출고가!C:D,2,0) -> iPhone 15 Pro Max 512G | H217: =B217 -> 1980000 | I217: 슬림4G | J217: 33K~49K미만 | K217: 350000 | L217: 350000 | M217: 350000

Sheet 공시지원금
B1: ■ 공시 지원금 (3.21일~) | E1: 3 | G1: 68 | H1: 67 | I1: 66 | J1: 65 | K1: 64 | L1: 57 | M1: 48 | N1: 41 | O1: 35 | P1: 33 | Q1: 32 | R1: 24 | S1: 19 | T1: 15 | U1: 11 | V1: 7
B2: 5G/LTE 구분 | C2: 모델명 | D2: 펫네임 | E2: 출고가 | F2: 지원금 구분 | G2: 요금제별 지원금
G3: 초이스 프리미엄 | H3: 초이스 스페셜 | I3: 스페셜 | J3: 초이스 베이직 ON 프리미엄 | K3: 베이직 | L3: 5G 심플 110G ON 비디오 | M3: 5G 슬림 플러스 LTE 슬림 플러스 | N3: 5G 슬림 | O3: ON 톡 | P3: 5G Y틴 | Q3: 5G 세이브 | R3: 5G 주니어 | S3: LTE 베이직 | T3: 5G 주니어 슬림 LTE 주니어 슬림 | U3: Y주니어ON | V3: Y주니어19.8
B4: ※ 요금할인(지원금) 25% + vat. | G4: 780000 | H4: 660000 | I4: 600000 | J4: 540000 | K4: 480000 | L4: 414000 | M4: 366000 | N4: 330000 | O4: 294000 | P4: 282000 | Q4: 270000 | R4: 228000 | S4: 198000 | T4: 153600 | U4: 144000 | V4: 118800
B5: 5G | C5: MI-RMN12P5GK | D5: 샤오미 레드미 노트 12 Pro Plus 5G | E5: 599500 | F5: 공시지원금 | G5: 350000 | H5: 350000 | I5: 350000 | J5: 350000 | K5: 350000 | L5: 350000 | M5: 350000 | N5: 350000 | O5: 350000 | P5: 350000 | Q5: 350000 | R5: 350000 | S5: 350000 | T5: 350000 | U5: 350000 | V5: 350000
F6: MNP 전환 지원금 | G6: 0 | H6: 0 | I6: 0 | J6: 0 | K6: 0 | L6: 0 | M6: 0 | N6: 0 | O6: 0 | P6: 0 | Q6: 0 | R6: 0 | S6: 0 | T6: 0 | U6: 0 | V6: 0
B7: LTE | C7: SM-A155NK | D7: 갤럭시 A15 | E7: 319000 | F7: 공시지원금 | G7: 234000 | H7: 234000 | I7: 234000 | J7: 234000 | K7: 234000 | L7: 234000 | M7: 234000 | N7: 234000 | O7: 234000 | P7: 234000 | Q7: 234000 | R7: 234000 | S7: 234000 | T7: 234000 | U7: 234000 | V7: 234000
F8: MNP 전환 지원금 | G8: 50000 | H8: 50000 | I8: 50000 | J8: 50000 | K8: 50000 | L8: 50000 | M8: 50000 | N8: 50000 | O8: 50000 | P8: 50000 | Q8: 50000 | R8: 50000 | S8: 50000 | T8: 50000 | U8: 50000 | V8: 50000
B9: LTE | C9: AT-M130K | D9: 시나모롤 키즈폰 | E9: 320100 | F9: 공시지원금 | G9: 275000 | H9: 275000 | I9: 275000 | J9: 275000 | K9: 275000 | L9: 275000 | M9: 275000 | N9: 275000 | O9: 275000 | P9: 275000 | Q9: 275000 | R9: 275000 | S9: 275000 | T9: 275000 | U9: 275000 | V9: 275000
F10: MNP 전환 지원금 | G10: 0 | H10: 0 | I10: 0 | J10: 0 | K10: 0 | L10: 0 | M10: 0 | N10: 0 | O10: 0 | P10: 0 | Q10: 0 | R10: 0 | S10: 0 | T10: 0 | U10: 0 | V10: 0

Sheet 정책적용 요금제_LTE
A1: ■ 정책 적용 요금제 List_(공통/24.5.1~)
A3: (공통) 33K 미만 정책 대상 List | D3: (공통) 33K 이상 정책 대상 List | F3: (공통) 37K 이상 정책 대상 List | H3: (공통) 44K 이상 정책 대상 List | J3: (공통) 49K 이상 정책 대상 List | L3: (공통) 55K 이상 정책 대상 List | N3: (공통) 61K 이상 정책 대상 List | P3: (공통) 69K 이상 정책 대상 List | R3: (공통) 80K 이상 정책 대상 List | T3: (공통) 90K 이상 정책 대상 List | V3: (공통) 100K 이상 정책 대상 List | X3: (공통) 110K 이상 정책 대상 List
A4: 요금제명 | B4: 요금제ID | D4: 요금제명 | E4: 요금제ID | F4: 요금제명 | G4: 요금제ID | J4: 요금제명 | K4: 요금제ID | L4: 요금제명 | M4: 요금제ID | N4: 요금제명 | O4: 요금제ID | P4: 요금제명 | Q4: 요금제ID | R4: 요금제명 | S4: 요금제ID | T4: 요금제명 | U4: 요금제ID | V4: 요금제명 | W4: 요금제ID | X4: 요금제명 | Y4: 요금제ID
A5: LTE 음성 18.7 | B5: LTENDT198 | D5: 5G 슬림 14GB | E5: 5GINTMPP2 | F5: 5G 슬림 14GB | G5: 5GINTMPP2 | H5: 5G 슬림 14GB | I5: 5GINTMPP2 | J5: 5G 슬림 14GB | K5: 5GINTMPP2 | L5: 5G 슬림 14GB | M5: 5GINTMPP2 | N5: 베이직 | O5: 5GINTMPP3 | P5: 베이직 | Q5: 5GINTMPP3 | R5: 베이직 | S5: 5GINTMPP3 | T5: 스페셜 | U5: 5GINTMPP4 | V5: 스페셜 | W5: 5GINTMPP4 | X5: 넷플릭스 초이스 스페셜 | Y5: PL208A884
A6: LTE-골든150(안심차단) | B6: LTEPIG150 | D6: 5G 슬림(이월) 14GB | E6: PL23B1938 | F6: 5G 슬림(이월) 14GB | G6: PL23B1938 | H6: 5G 슬림(이월) 14GB | I6: PL23B1938 | J6: 5G 슬림(이월) 14GB | K6: PL23B1938 | L6: 5G 슬림(이월) 14GB | M6: PL23B1938 | N6: 스페셜 | O6: 5GINTMPP4 | P6: 스페셜 | Q6: 5GINTMPP4 | R6: 스페셜 | S6: 5GINTMPP4 | T6: 5G Y 스페셜 | U6: PL19CB587 | V6: 5G Y 스페셜 | W6: PL19CB587 | X6: 넷플릭스 초이스 프리미엄 | Y6: PL208A888
A7: LTE-골든150 | B7: LTERAG150 | D7: 5G 슬림(군인) | E7: PL21CL673 | F7: 5G 슬림(군인) | G7: PL21CL673 | H7: 5G 슬림(군인) | I7: PL21CL673 | J7: 5G 슬림(군인) | K7: PL21CL673 | L7: 5G 슬림(군인) | M7: PL21CL673 | N7: 5G 심플 110GB | O7: 5GINTMPP7 | P7: 5G 심플 110GB | Q7: 5GINTMPP7 | R7: 5G Y 스페셜 | S7: PL19CB587 | T7: 넷플릭스 초이스 스페셜 | U7: PL208A884 | V7: 넷플릭스 초이스 스페셜 | W7: PL208A884 | X7: 현대카드 초이스 스페셜 | Y7: PL2146251
A8: 키즈 알115(LTE) | B8: LTESLVBGR | D8: 베이직 | E8: 5GINTMPP3 | F8: 베이직 | G8: 5GINTMPP3 | H8: 베이직 | I8: 5GINTMPP3 | J8: 베이직 | K8: 5GINTMPP3 | L8: 베이직 | M8: 5GINTMPP3 | N8: 5G 심플 90GB | O8: PL234D608 | P8: 5G Y 스페셜 | Q8: PL19CB587 | R8: 5G Y 베이직 | S8: PL19CB588 | T8: 넷플릭스 초이스 프리미엄 | U8: PL208A888 | V8: 넷플릭스 초이스 프리미엄 | W8: PL208A888 | X8: 현대카드 초이스 프리미엄 | Y8: PL2146252
A9: LTE 음성 12.1 | B9: LTESTNDRD | D9: 스페셜 | E9: 5GINTMPP4 | F9: 스페셜 | G9: 5GINTMPP4 | H9: 스페셜 | I9: 5GINTMPP4 | J9: 스페셜 | K9: 5GINTMPP4 | L9: 스페셜 | M9: 5GINTMPP4 | N9: 5G 심플 70GB | O9: PL234D607 | P9: 5G Y 베이직 | Q9: PL19CB588 | R9: 넷플릭스 초이스 스페셜 | S9: PL208A884 | T9: 넷플릭스 초이스 베이직 | U9: PL208A889 | V9: 현대카드 초이스 스페셜 | W9: PL2146251 | X9: 디즈니+ 초이스 프리미엄 | Y9: PL218N859
A10: 순 LTE선택형100분250MB | B10: SELECSA01 | D10: 5G 심플 | E10: 5GINTMPP7 | F10: 5G 심플 | G10: 5GINTMPP7 | H10: 5G 심플 | I10: 5GINTMPP7 | J10: 5G 심플 | K10: 5GINTMPP7 | L10: 5G 심플 | M10: 5GINTMPP7 | N10: 5G 심플 50GB | O10: PL234D606 | P10: 넷플릭스 초이스 스페셜 | Q10: PL208A884 | R10: 넷플릭스 초이스 프리미엄 | S10: PL208A888 | T10: 현대카드 초이스 베이직 | U10: PL2146250 | V10: 현대카드 초이스 프리미엄 | W10: PL2146252 | X10: 디즈니+ 초이스 스페셜 | Y10: PL218N866
A11: 순 LTE선택형100분1GB | B11: SELECSA02 | D11: 5G 심플 90GB | E11: PL234D608 | F11: 5G 심플 90GB | G11: PL234D608 | H11: 5G 심플 90GB | I11: PL234D608 | J11: 5G 심플 90GB | K11: PL234D608 | L11: 5G 심플 90GB | M11: PL234D608 | N11: 5G Y 스페셜 | O11: PL19CB587 | P11: 넷플릭스 초이스 프리미엄 | Q11: PL208A888 | R11: 넷플릭스 초이스 베이직 | S11: PL208A889 | T11: 현대카드 초이스 스페셜 | U11: PL2146251 | V11: 디즈니+ 초이스 프리미엄 | W11: PL218N859 | X11: 삼성 초이스 프리미엄 | Y11: PL21C9618
A12: 순 LTE선택형100분2GB | B12: SELECSA03 | D12: 5G 심플 70GB | E12: PL234D607 | F12: 5G 심플 70GB | G12: PL234D607 | H12: 5G 심플 70GB | I12: PL234D607 | J12: 5G 심플 70GB | K12: PL234D607 | L12: 5G 심플 70GB | M12: PL234D607 | N12: 5G Y 베이직 | O12: PL19CB588 | P12: 넷플릭스 초이스 베이직 | Q12: PL208A889 | R12: 5G 베이직 복지 | S12: PL2128869 | T12: 현대카드 초이스 프리미엄 | U12: PL2146252 | V12: 디즈니+ 초이스 스페셜 | W12: PL218N866 | X12: 삼성 초이스 스페셜 | Y12: PL21C9617
A13: 순 LTE선택형180분250MB | B13: SELECSB01 | D13: 5G 심플 50GB | E13: PL234D606 | F13: 5G 심플 50GB | G13: PL234D606 | H13: 5G 심플 50GB | I13: PL234D606 | J13: 5G 심플 50GB | K13: PL234D606 | L13: 5G 심플 50GB | M13: PL234D606 | N13: 넷플릭스 초이스 스페셜 | O13: PL208A884 | P13: 5G 베이직 복지 | Q13: PL2128869 | R13: 현대카드 초이스 베이직 | S13: PL2146250 | T13: 디즈니+ 초이스 프리미엄 | U13: PL218N859 | V13: 삼성 초이스 프리미엄 | W13: PL21C9618 | X13: 우리카드 초이스 프리미엄 | Y13: PL21CM713
A14: 순 LTE선택형180분1GB | B14: SELECSB02 | D14: 5G Y틴 | E14: 5GINTMPP8 | F14: 5G Y틴 | G14: 5GINTMPP8 | H14: 5G Y틴 | I14: 5GINTMPP8 | J14: 5G Y틴 | K14: 5GINTMPP8 | L14: 5G Y틴 | M14: 5GINTMPP8 | N14: 넷플릭스 초이스 프리미엄 | O14: PL208A888 | P14: 현대카드 초이스 베이직 | Q14: PL2146250 | R14: 현대카드 초이스 스페셜 | S14: PL2146251 | T14: 디즈니+ 초이스 스페셜 | U14: PL218N866 | V14: 삼성 초이스 스페셜 | W14: PL21C9617 | X14: 우리카드 초이스 스페셜 | Y14: PL21CM720
A15: 순 망내무한선택형100분250MB | B15: SELECSF01 | D15: 5G Y 스페셜 | E15: PL19CB587 | F15: 5G Y 스페셜 | G15: PL19CB587 | H15: 5G Y 스페셜 | I15: PL19CB587 | J15: 5G Y 스페셜 | K15: PL19CB587 | L15: 5G Y 스페셜 | M15: PL19CB587 | N15: 넷플릭스 초이스 베이직 | O15: PL208A889 | P15: 현대카드 초이스 스페셜 | Q15: PL2146251 | R15: 현대카드 초이스 프리미엄 | S15: PL2146252 | T15: 디즈니+ 초이스 베이직 | U15: PL218N869 | V15: 우리카드 초이스 프리미엄 | W15: PL21CM713 | X15: (유튜브 프리미엄) 초이스 프리미엄 | Y15: PL241V593
A16: 순 망내무한선택형100분1GB | B16: SELECSF02 | D16: 5G Y 베이직 | E16: PL19CB588 | F16: 5G Y 베이직 | G16: PL19CB588 | H16: 5G Y 베이직 | I16: PL19CB588 | J16: 5G Y 베이직 | K16: PL19CB588 | L16: 5G Y 베이직 | M16: PL19CB588 | N16: 5G 베이직 복지 | O16: PL2128869 | P16: 현대카드 초이스 프리미엄 | Q16: PL2146252 | R16: 디즈니+ 초이스 프리미엄 | S16: PL218N859 | T16: 삼성 초이스 프리미엄 | U16: PL21C9618 | V16: 우리카드 초이스 스페셜 | W16: PL21CM720 | X16: (유튜브 프리미엄) 초이스 스페셜 | Y16: PL241V594
... A18: Y주니어 19.8(LTE) | B18: YJUNRLTE1 | D18: 5G Y슬림(군인) | E18: PL21CL661 | F18: 5G Y슬림(군인) | G18: PL21CL661 | H18: 5G Y슬림(군인) | I18: PL21CL661 | J18: 5G Y슬림(군인) | K18: PL21CL661 | L18: 5G Y슬림(군인) | M18: PL21CL661 | N18: 현대카드 초이스 스페셜 | O18: PL2146251 | P18: 디즈니+ 초이스 프리미엄 | Q18: PL218N859 | R18: 디즈니+ 초이스 베이직 | S18: PL218N869 | T18: 삼성 초이스 베이직 | U18: PL21C9619 | V18: (유튜브 프리미엄) 초이스 스페셜 | W18: PL241V594 | X18: 디바이스 초이스 스페셜 | Y18: PL221A794
D19: 넷플릭스 초이스 스페셜 | E19: PL208A884 | F19: 넷플릭스 초이스 스페셜 | G19: PL208A884 | H19: 넷플릭스 초이스 스페셜 | I19: PL208A884 | J19: 넷플릭스 초이스 스페셜 | K19: PL208A884 | L19: 넷플릭스 초이스 스페셜 | M19: PL208A884 | N19: 현대카드 초이스 프리미엄 | O19: PL2146252 | P19: 디즈니+ 초이스 스페셜 | Q19: PL218N866 | R19: 삼성 초이스 프리미엄 | S19: PL21C9618 | T19: 우리카드 초이스 프리미엄 | U19: PL21CM713 | V19: 디바이스 초이스 프리미엄 | W19: PL221A793 | X19: 티빙/지니 초이스 프리미엄 | Y19: PL225O787
D20: 넷플릭스 초이스 프리미엄 | E20: PL208A888 | F20: 넷플릭스 초이스 프리미엄 | G20: PL208A888 | H20: 넷플릭스 초이스 프리미엄 | I20: PL208A888 | J20: 넷플릭스 초이스 프리미엄 | K20: PL208A888 | L20: 넷플릭스 초이스 프리미엄 | M20: PL208A888 | N20: 5G 심플 복지 | O20: PL2154385 | P20: 디즈니+ 초이스 베이직 | Q20: PL218N869 | R20: 삼성 초이스 스페셜 | S20: PL21C9617 | T20: 우리카드 초이스 스페셜 | U20: PL21CM720 | V20: 디바이스 초이스 스페셜 | W20: PL221A794 | X20: 티빙/지니 초이스 스페셜 | Y20: PL225O788
D21: 넷플릭스 초이스 베이직 | E21: PL208A889 | F21: 넷플릭스 초이스 베이직 | G21: PL208A889 | H21: 넷플릭스 초이스 베이직 | I21: PL208A889 | J21: 넷플릭스 초이스 베이직 | K21: PL208A889 | L21: 넷플릭스 초이스 베이직 | M21: PL208A889 | N21: 디즈니+ 초이스 프리미엄 | O21: PL218N859 | P21: 삼성 초이스 프리미엄 | Q21: PL21C9618 | R21: 삼성 초이스 베이직 | S21: PL21C9619 | T21: 우리카드 초이스 베이직 | U21: PL21CM718 | V21: 티빙/지니 초이스 프리미엄 | W21: PL225O787 | X21: BC바로 카드 초이스 프리미엄 | Y21: PL225O770
D22: 5G 슬림 7GB | E22: PL2093132 | F22: 5G 슬림 7GB | G22: PL2093132 | H22: 5G 슬림 7GB | I22: PL2093132 | J22: 5G 슬림 복지 | K22: PL2128868 | L22: 5G 슬림 복지 | M22: PL2128868 | N22: 디즈니+ 초이스 스페셜 | O22: PL218N866 | P22: 삼성 초이스 스페셜 | Q22: PL21C9617 | R22: 우리카드 초이스 프리미엄 | S22: PL21CM713 | T22: (유튜브 프리미엄) 초이스 프리미엄 | U22: PL241V593 | V22: 티빙/지니 초이스 스폐셜 | W22: PL225O788 | X22: BC바로 카드 초이스 스페셜 | Y22: PL225O772
D23: 5G 슬림(이월) 7GB | E23: PL23B1935 | F23: 5G 슬림(이월) 7GB | G23: PL23B1935 | H23: 5G 슬림(이월) 7GB | I23: PL23B1935 | J23: 5G 슬림 복지(군인) | K23: PL21CL671 | L23: 5G 슬림 복지(군인) | M23: PL21CL671 | N23: 디즈니+ 초이스 베이직 | O23: PL218N869 | P23: 삼성 초이스 베이직 | Q23: PL21C9619 | R23: 우리카드 초이스 스페셜 | S23: PL21CM720 | T23: (유튜브 프리미엄) 초이스 스페셜 | U23: PL241V594 | V23: BC바로 카드 초이스 프리미엄 | W23: PL225O770 | X23: 코웨이 초이스 프리미엄 | Y23: PL2193924
D24: 5G 세이브(군인) | E24: PL21CL674 | F24: 5G 세이브(군인) | G24: PL21CL674 | H24: 5G 세이브(군인) | I24: PL21CL674 | J24: 5G 베이직 복지 | K24: PL2128869 | L24: 5G 베이직 복지 | M24: PL2128869 | N24: 삼성 초이스 프리미엄 | O24: PL21C9618 | P24: 우리카드 초이스 프리미엄 | Q24: PL21CM713 | R24: 우리카드 초이스 베이직 | S24: PL21CM718 | T24: (유튜브 프리미엄) 초이스 베이직 | U24: PL241V595 | V24: BC바로 카드 초이스 스페셜 | W24: PL225O772 | X24: 코웨이 초이스 스페셜 | Y24: PL2193928
D25: 5G 슬림 복지 | E25: PL2128868 | F25: 5G 슬림 복지 | G25: PL2128868 | H25: 5G 슬림 복지 | I25: PL2128868 | J25: 현대카드 초이스 베이직 | K25: PL2146250 | L25: 현대카드 초이스 베이직 | M25: PL2146250 | N25: 삼성 초이스 스페셜 | O25: PL21C9617 | P25: 우리카드 초이스 스페셜 | Q25: PL21CM720 | R25: (유튜브 프리미엄) 초이스 프리미엄 | S25: PL241V593 | T25: 디바이스 초이스 프리미엄 | U25: PL221A793 | V25: 코웨이 초이스 프리미엄 | W25: PL2193924 | X25: 티빙/밀리 초이스 프리미엄 | Y25: PL22BO519
D26: 5G 슬림 복지(군인) | E26: PL21CL671 | F26: 5G 슬림 복지(군인) | G26: PL21CL671 | H26: 5G 슬림 복지(군인) | I26: PL21CL671 | J26: 현대카드 초이스 스페셜 | K26: PL2146251 | L26: 현대카드 초이스 스페셜 | M26: PL2146251 | N26: 삼성 초이스 베이직 | O26: PL21C9619 | P26: 우리카드 초이스 베이직 | Q26: PL21CM718 | R26: (유튜브 프리미엄) 초이스 스페셜 | S26: PL241V594 | T26: 디바이스 초이스 스페셜 | U26: PL221A794 | V26: 코웨이 초이스 스페셜 | W26: PL2193928 | X26: 티빙/밀리 초이스 스페셜 | Y26: PL22BO525
D27: 5G 베이직 복지 | E27: PL2128869 | F27: 5G 베이직 복지 | G27: PL2128869 | H27: 5G 베이직 복지 | I27: PL2128869 | J27: 현대카드 초이스 프리미엄 | K27: PL2146252 | L27: 현대카드 초이스 프리미엄 | M27: PL2146252 | N27: 우리카드 초이스 프리미엄 | O27: PL21CM713 | P27: (유튜브 프리미엄) 초이스 프리미엄 | Q27: PL241V593 | R27: (유튜브 프리미엄) 초이스 베이직 | S27: PL241V595 | T27: 디바이스 초이스 베이직 | U27: PL221A795 | V27: 티빙/밀리 초이스 프리미엄 | W27: PL22BO519
D28: 현대카드 초이스 베이직 | E28: PL2146250 | F28: 현대카드 초이스 베이직 | G28: PL2146250 | H28: 현대카드 초이스 베이직 | I28: PL2146250 | J28: 5G 심플 복지 | K28: PL2154385 | L28: 5G 심플 복지 | M28: PL2154385 | N28: 우리카드 초이스 스페셜 | O28: PL21CM720 | P28: (유튜브 프리미엄) 초이스 스페셜 | Q28: PL241V594 | R28: 디바이스 초이스 프리미엄 | S28: PL221A793 | T28: 티빙/지니 초이스 프리미엄 | U28: PL225O787 | V28: 티빙/밀리 초이스 스페셜 | W28: PL22BO525
D29: 현대카드 초이스 스페셜 | E29: PL2146251 | F29: 현대카드 초이스 스페셜 | G29: PL2146251 | H29: 현대카드 초이스 스페셜 | I29: PL2146251 | J29: 디즈니+ 초이스 프리미엄 | K29: PL218N859 | L29: 디즈니+ 초이스 프리미엄 | M29: PL218N859 | N29: 우리카드 초이스 베이직 | O29: PL21CM718 | P29: (유튜브 프리미엄) 초이스 베이직 | Q29: PL241V595 | R29: 디바이스 초이스 스페셜 | S29: PL221A794 | T29: 티빙/지니 초이스 스폐셜 | U29: PL225O788
D30: 현대카드 초이스 프리미엄 | E30: PL2146252 | F30: 현대카드 초이스 프리미엄 | G30: PL2146252 | H30: 현대카드 초이스 프리미엄 | I30: PL2146252 | J30: 디즈니+ 초이스 스페셜 | K30: PL218N866 | L30: 디즈니+ 초이스 스페셜 | M30: PL218N866 | N30: (유튜브 프리미엄) 초이스 프리미엄 | O30: PL241V593 | P30: 디바이스 초이스 프리미엄 | Q30: PL221A793 | R30: 디바이스 초이스 베이직 | S30: PL221A795 | T30: 티빙/지니 초이스 베이직 | U30: PL225O789
D31: 5G 심플 복지 | E31: PL2154385 | F31: 5G 심플 복지 | G31: PL2154385 | H31: 5G 심플 복지 | I31: PL2154385 | J31: 디즈니+ 초이스 베이직 | K31: PL218N869 | L31: 디즈니+ 초이스 베이직 | M31: PL218N869 | N31: (유튜브 프리미엄) 초이스 스페셜 | O31: PL241V594 | P31: 디바이스 초이스 스페셜 | Q31: PL221A794 | R31: 티빙/지니 초이스 프리미엄 | S31: PL225O787 | T31: BC바로 카드 초이스 프리미엄 | U31: PL225O770
D32: 디즈니+ 초이스 프리미엄 | E32: PL218N859 | F32: 디즈니+ 초이스 프리미엄 | G32: PL218N859 | H32: 디즈니+ 초이스 프리미엄 | I32: PL218N859 | J32: 삼성 초이스 프리미엄 | K32: PL21C9618 | L32: 삼성 초이스 프리미엄 | M32: PL21C9618 | N32: (유튜브 프리미엄) 초이스 베이직 | O32: PL241V595 | P32: 디바이스 초이스 베이직 | Q32: PL221A795 | R32: 티빙/지니 초이스 스폐셜 | S32: PL225O788 | T32: BC바로 카드 초이스 스페셜 | U32: PL225O772
D33: 디즈니+ 초이스 스페셜 | E33: PL218N866 | F33: 디즈니+ 초이스 스페셜 | G33: PL218N866 | H33: 디즈니+ 초이스 스페셜 | I33: PL218N866 | J33: 삼성 초이스 스페셜 | K33: PL21C9617 | L33: 삼성 초이스 스페셜 | M33: PL21C9617 | N33: 디바이스 초이스 프리미엄 | O33: PL221A793 | P33: 티빙/지니 초이스 프리미엄 | Q33: PL225O787 | R33: 티빙/지니 초이스 베이직 | S33: PL225O789 | T33: BC바로 카드 초이스 베이직 | U33: PL225O773
D34: 디즈니+ 초이스 베이직 | E34: PL218N869 | F34: 디즈니+ 초이스 베이직 | G34: PL218N869 | H34: 디즈니+ 초이스 베이직 | I34: PL218N869 | J34: 삼성 초이스 베이직 | K34: PL21C9619 | L34: 삼성 초이스 베이직 | M34: PL21C9619 | N34: 디바이스 초이스 스페셜 | O34: PL221A794 | P34: 티빙/지니 초이스 스폐셜 | Q34: PL225O788 | R34: BC바로 카드 초이스 프리미엄 | S34: PL225O770 | T34: 코웨이 초이스 프리미엄 | U34: PL2193924
D35: 삼성 초이스 프리미엄 | E35: PL21C9618 | F35: 삼성 초이스 프리미엄 | G35: PL21C9618 | H35: 삼성 초이스 프리미엄 | I35: PL21C9618 | J35: 우리카드 초이스 프리미엄 | K35: PL21CM713 | L35: 우리카드 초이스 프리미엄 | M35: PL21CM713 | N35: 디바이스 초이스 베이직 | O35: PL221A795 | P35: 티빙/지니 초이스 베이직 | Q35: PL225O789 | R35: BC바로 카드 초이스 스페셜 | S35: PL225O772 | T35: 코웨이 초이스 스페셜 | U35: PL2193928
D36: 삼성 초이스 스페셜 | E36: PL21C9617 | F36: 삼성 초이스 스페셜 | G36: PL21C9617 | H36: 삼성 초이스 스페셜 | I36: PL21C9617 | J36: 우리카드 초이스 스페셜 | K36: PL21CM720 | L36: 우리카드 초이스 스페셜 | M36: PL21CM720 | N36: 티빙/지니 초이스 프리미엄 | O36: PL225O787 | P36: BC바로 카드 초이스 프리미엄 | Q36: PL225O770 | R36: BC바로 카드 초이스 베이직 | S36: PL225O773 | T36: 코웨이 초이스 베이직 | U36: PL2193929
D37: 삼성 초이스 베이직 | E37: PL21C9619 | F37: 삼성 초이스 베이직 | G37: PL21C9619 | H37: 삼성 초이스 베이직 | I37: PL21C9619 | J37: 우리카드 초이스 베이직 | K37: PL21CM718 | L37: 우리카드 초이스 베이직 | M37: PL21CM718 | N37: 티빙/지니 초이스 스폐셜 | O37: PL225O788 | P37: BC바로 카드 초이스 스페셜 | Q37: PL225O772 | R37: 코웨이 초이스 프리미엄 | S37: PL2193924 | T37: 티빙/밀리 초이스 프리미엄 | U37: PL22BO519
D38: 우리카드 초이스 프리미엄 | E38: PL21CM713 | F38: 우리카드 초이스 프리미엄 | G38: PL21CM713 | H38: 우리카드 초이스 프리미엄 | I38: PL21CM713 | J38: (유튜브 프리미엄) 초이스 프리미엄 | K38: PL241V593 | L38: (유튜브 프리미엄) 초이스 프리미엄 | M38: PL241V593 | N38: 티빙/지니 초이스 베이직 | O38: PL225O789 | P38: BC바로 카드 초이스 베이직 | Q38: PL225O773 | R38: 코웨이 초이스 스페셜 | S38: PL2193928 | T38: 티빙/밀리 초이스 스페셜 | U38: PL22BO525
D39: 우리카드 초이스 스페셜 | E39: PL21CM720 | F39: 우리카드 초이스 스페셜 | G39: PL21CM720 | H39: 우리카드 초이스 스페셜 | I39: PL21CM720 | J39: (유튜브 프리미엄) 초이스 스페셜 | K39: PL241V594 | L39: (유튜브 프리미엄) 초이스 스페셜 | M39: PL241V594 | N39: BC바로 카드 초이스 프리미엄 | O39: PL225O770 | P39: 코웨이 초이스 프리미엄 | Q39: PL2193924 | R39: 코웨이 초이스 베이직 | S39: PL2193929 | T39: 티빙/밀리 초이스 베이직 | U39: PL22BO527
D40: 우리카드 초이스 베이직 | E40: PL21CM718 | F40: 우리카드 초이스 베이직 | G40: PL21CM718 | H40: 우리카드 초이스 베이직 | I40: PL21CM718 | J40: (유튜브 프리미엄) 초이스 베이직 | K40: PL241V595 | L40: (유튜브 프리미엄) 초이스 베이직 | M40: PL241V595 | N40: BC바로 카드 초이스 스페셜 | O40: PL225O772 | P40: 코웨이 초이스 스페셜 | Q40: PL2193928 | R40: 티빙/밀리 초이스 프리미엄 | S40: PL22BO519 | T40: 데이터 ON 프리미엄 | U40: KDRTLTE90
D41: (유튜브 프리미엄) 초이스 프리미엄 | E41: PL241V593 | F41: (유튜브 프리미엄) 초이스 프리미엄 | G41: PL241V593 | H41: (유튜브 프리미엄) 초이스 프리미엄 | I41: PL241V593 | J41: 디바이스 초이스 프리미엄 | K41: PL221A793 | L41: 디바이스 초이스 프리미엄 | M41: PL221A793 | N41: BC바로 카드 초이스 베이직 | O41: PL225O773 | P41: 코웨이 초이스 베이직 | Q41: PL2193929 | R41: 티빙/밀리 초이스 스페셜 | S41: PL22BO525 | T41: Y데이터 ON 프리미엄 | U41: NWY24LTE3
D42: (유튜브 프리미엄) 초이스 스페셜 | E42: PL241V594 | F42: (유튜브 프리미엄) 초이스 스페셜 | G42: PL241V594 | H42: (유튜브 프리미엄) 초이스 스페셜 | I42: PL241V594 | J42: 디바이스 초이스 스페셜 | K42: PL221A794 | L42: 디바이스 초이스 스페셜 | M42: PL221A794 | N42: 코웨이 초이스 프리미엄 | O42: PL2193924 | P42: 티빙/밀리 초이스 프리미엄 | Q42: PL22BO519 | R42: 티빙/밀리 초이스 베이직 | S42: PL22BO527
D43: (유튜브 프리미엄) 초이스 베이직 | E43: PL241V595 | F43: (유튜브 프리미엄) 초이스 베이직 | G43: PL241V595 | H43: (유튜브 프리미엄) 초이스 베이직 | I43: PL241V595 | J43: 디바이스 초이스 베이직 | K43: PL221A795 | L43: 디바이스 초이스 베이직 | M43: PL221A795 | N43: 코웨이 초이스 스페셜 | O43: PL2193928 | P43: 티빙/밀리 초이스 스페셜 | Q43: PL22BO525 | R43: 데이터 ON 프리미엄 | S43: KDRTLTE90
D44: 디바이스 초이스 프리미엄 | E44: PL221A793 | F44: 디바이스 초이스 프리미엄 | G44: PL221A793 | H44: 디바이스 초이스 프리미엄 | I44: PL221A793 | J44: 티빙/지니 초이스 프리미엄 | K44: PL225O787 | L44: 티빙/지니 초이스 프리미엄 | M44: PL225O787 | N44: 코웨이 초이스 베이직 | O44: PL2193929 | P44: 티빙/밀리 초이스 베이직 | Q44: PL22BO527 | R44: Y데이터 ON 프리미엄 | S44: NWY24LTE3
D45: 디바이스 초이스 스페셜 | E45: PL221A794 | F45: 디바이스 초이스 스페셜 | G45: PL221A794 | H45: 디바이스 초이스 스페셜 | I45: PL221A794 | J45: 티빙/지니 초이스 스폐셜 | K45: PL225O788 | L45: 티빙/지니 초이스 스폐셜 | M45: PL225O788 | N45: 티빙/밀리 초이스 프리미엄 | O45: PL22BO519 | P45: 데이터 ON 비디오 플러스 | Q45: PL227R448
D46: 디바이스 초이스 베이직 | E46: PL221A795 | F46: 디바이스 초이스 베이직 | G46: PL221A795 | H46: 디바이스 초이스 베이직 | I46: PL221A795 | J46: 티빙/지니 초이스 베이직 | K46: PL225O789 | L46: 티빙/지니 초이스 베이직 | M46: PL225O789 | N46: 티빙/밀리 초이스 스페셜 | O46: PL22BO525 | P46: 데이터 ON 프리미엄 | Q46: KDRTLTE90
D47: 티빙/지니 초이스 프리미엄 | E47: PL225O787 | F47: 티빙/지니 초이스 프리미엄 | G47: PL225O787 | H47: 티빙/지니 초이스 프리미엄 | I47: PL225O787 | J47: BC바로 카드 초이스 프리미엄 | K47: PL225O770 | L47: BC바로 카드 초이스 프리미엄 | M47: PL225O770 | N47: 티빙/밀리 초이스 베이직 | O47: PL22BO527 | P47: Y 데이터 ON 비디오 플러스 | Q47: PL2292828
D48: 티빙/지니 초이스 스폐셜 | E48: PL225O788 | F48: 티빙/지니 초이스 스폐셜 | G48: PL225O788 | H48: 티빙/지니 초이스 스폐셜 | I48: PL225O788 | J48: BC바로 카드 초이스 스페셜 | K48: PL225O772 | L48: BC바로 카드 초이스 스페셜 | M48: PL225O772 | N48: 5G 심플 30GB | O48: PL225V838 | P48: Y데이터 ON 프리미엄 | Q48: NWY24LTE3
D49: 티빙/지니 초이스 베이직 | E49: PL225O789 | F49: 티빙/지니 초이스 베이직 | G49: PL225O789 | H49: 티빙/지니 초이스 베이직 | I49: PL225O789 | J49: BC바로 카드 초이스 베이직 | K49: PL225O773 | L49: BC바로 카드 초이스 베이직 | M49: PL225O773 | N49: 5G 시니어 베이직 | O49: PL22CQ769 | P49: Y 군인 77 Plus | Q49: PL2043266
D50: BC바로 카드 초이스 프리미엄 | E50: PL225O770 | F50: BC바로 카드 초이스 프리미엄 | G50: PL225O770 | H50: BC바로 카드 초이스 프리미엄 | I50: PL225O770 | J50: 코웨이 초이스 프리미엄 | K50: PL2193924 | L50: 코웨이 초이스 프리미엄 | M50: PL2193924 | N50: 웰컴 5 | O50: PL2435782
D51: BC바로 카드 초이스 스페셜 | E51: PL225O772 | F51: BC바로 카드 초이스 스페셜 | G51: PL225O772 | H51: BC바로 카드 초이스 스페셜 | I51: PL225O772 | J51: 코웨이 초이스 스페셜 | K51: PL2193928 | L51: 코웨이 초이스 스페셜 | M51: PL2193928 | N51: LTE 슬림 플러스 | O51: PL22BS558
D52: BC바로 카드 초이스 베이직 | E52: PL225O773 | F52: BC바로 카드 초이스 베이직 | G52: PL225O773 | H52: BC바로 카드 초이스 베이직 | I52: PL225O773 | J52: 코웨이 초이스 베이직 | K52: PL2193929 | L52: 코웨이 초이스 베이직 | M52: PL2193929 | N52: 데이터 ON 비디오 플러스 | O52: PL227R448
D53: 코웨이 초이스 프리미엄 | E53: PL2193924 | F53: 코웨이 초이스 프리미엄 | G53: PL2193924 | H53: 코웨이 초이스 프리미엄 | I53: PL2193924 | J53: 티빙/밀리 초이스 프리미엄 | K53: PL22BO519 | L53: 티빙/밀리 초이스 프리미엄 | M53: PL22BO519 | N53: 데이터 ON 프리미엄 | O53: KDRTLTE90
D54: 코웨이 초이스 스페셜 | E54: PL2193928 | F54: 코웨이 초이스 스페셜 | G54: PL2193928 | H54: 코웨이 초이스 스페셜 | I54: PL2193928 | J54: 티빙/밀리 초이스 스페셜 | K54: PL22BO525 | L54: 티빙/밀리 초이스 스페셜 | M54: PL22BO525 | N54: Y 데이터 ON 비디오 플러스 | O54: PL2292828
D55: 코웨이 초이스 베이직 | E55: PL2193929 | F55: 코웨이 초이스 베이직 | G55: PL2193929 | H55: 코웨이 초이스 베이직 | I55: PL2193929 | J55: 티빙/밀리 초이스 베이직 | K55: PL22BO527 | L55: 티빙/밀리 초이스 베이직 | M55: PL22BO527 | N55: Y데이터 ON 프리미엄 | O55: NWY24LTE3
D56: 티빙/밀리 초이스 프리미엄 | E56: PL22BO519 | F56: 티빙/밀리 초이스 프리미엄 | G56: PL22BO519 | H56: 티빙/밀리 초이스 프리미엄 | I56: PL22BO519 | J56: 5G 심플 30GB | K56: PL225V838 | L56: 5G 심플 30GB | M56: PL225V838 | N56: Y 군인 77 Plus | O56: PL2043266
D57: 티빙/밀리 초이스 스페셜 | E57: PL22BO525 | F57: 티빙/밀리 초이스 스페셜 | G57: PL22BO525 | H57: 티빙/밀리 초이스 스페셜 | I57: PL22BO525 | J57: 5G 주니어 | K57: PL21BT585 | L57: 5G 주니어 | M57: PL21BT585
D58: 티빙/밀리 초이스 베이직 | E58: PL22BO527 | F58: 티빙/밀리 초이스 베이직 | G58: PL22BO527 | H58: 티빙/밀리 초이스 베이직 | I58: PL22BO527 | J58: 5G 시니어 베이직 | K58: PL22CQ769 | L58: 5G 시니어 베이직 | M58: PL22CQ769
D59: 5G 심플 30GB | E59: PL225V838 | F59: 5G 심플 30GB | G59: PL225V838 | H59: 5G 심플 30GB | I59: PL225V838 | J59: 5G 시니어 A형 | K59: PL232R326 | L59: 5G 시니어 A형 | M59: PL232R326
D60: 5G 주니어 | E60: PL21BT585 | F60: 5G 주니어 | G60: PL21BT585 | H60: 5G 주니어 | I60: PL21BT585 | J60: 5G 시니어 B형 | K60: PL232R325 | L60: 5G 시니어 B형 | M60: PL232R325
D61: 5G 주니어 슬림 | E61: PL21BT586 | F61: 5G 시니어 베이직 | G61: PL22CQ769 | H61: 5G 시니어 베이직 | I61: PL22CQ769 | J61: 5G 시니어 C형 | K61: PL233T547 | L61: 5G 시니어 C형 | M61: PL233T547
D62: 5G 시니어 베이직 | E62: PL22CQ769 | F62: 5G 시니어 A형 | G62: PL232R326 | H62: 5G 시니어 A형 | I62: PL232R326 | J62: 5G 슬림 21GB | K62: PL23B1944 | L62: 5G 슬림 21GB | M62: PL23B1944
D63: 5G 시니어 A형 | E63: PL232R326 | F63: 5G 시니어 B형 | G63: PL232R325 | H63: 5G 시니어 B형 | I63: PL232R325 | J63: 5G 슬림(이월) 21GB | K63: PL23B1940 | L63: 5G 슬림(이월) 21GB | M63: PL23B1940
D64: 5G 시니어 B형 | E64: PL232R325 | F64: 5G 시니어 C형 | G64: PL233T547 | H64: 5G 시니어 C형 | I64: PL233T547 | J64: 5G 슬림 10GB | K64: PL23B1943 | L64: 웰컴 5 | M64: PL2435782
D65: 5G 시니어 C형 | E65: PL233T547 | F65: 5G 슬림 21GB | G65: PL23B1944 | H65: 5G 슬림 21GB | I65: PL23B1944 | J65: 5G 슬림(이월) 10GB | K65: PL23B1937 | L65: 웰컴 3 | M65: PL2435781
D66: 5G 슬림 21GB | E66: PL23B1944 | F66: 5G 슬림(이월) 21GB | G66: PL23B1940 | H66: 5G 슬림(이월) 21GB | I66: PL23B1940 | J66: 웰컴 5 | K66: PL2435782 | L66: LTE 슬림 플러스 | M66: PL22BS558
D67: 5G 슬림(이월) 21GB | E67: PL23B1940 | F67: 5G 슬림 10GB | G67: PL23B1943 | H67: 5G 슬림 10GB | I67: PL23B1943 | J67: 웰컴 3 | K67: PL2435781 | L67: 데이터 ON 비디오 플러스 | M67: PL227R448
D68: 5G 슬림 10GB | E68: PL23B1943 | F68: 5G 슬림(이월) 10GB | G68: PL23B1937 | H68: 5G 슬림(이월) 10GB | I68: PL23B1937 | J68: LTE 슬림 플러스 | K68: PL22BS558 | L68: 데이터 ON 프리미엄 | M68: KDRTLTE90
... D77: 순 골든20(LTE) | E77: GDN275LTN | F77: 데이터 ON 비디오 플러스 | G77: PL227R448 | H77: Y 군인 55 Plus(미디어팩) | I77: NWYROKAF1 | J77: 데이터ON 나눔 | K77: PL19B5412 | L77: 순 망내무한선택형300분10GB | M77: SELECSH06
D78: LTE 베이직 | E78: KDRTLTE40 | F78: 데이터 ON 프리미엄 | G78: KDRTLTE90 | H78: 데이터ON 시니어 | I78: PL19B5411 | J78: Y 군인 55 Plus | K78: PL202R905
D79: 데이터 ON 톡 플러스 | E79: PL227R450 | F79: LTE 안심데이터 38.5 | G79: KJPLTE4J1 | H79: 데이터ON 나눔 | I79: PL19B5412 | J79: Y 군인 77 Plus | K79: PL2043266
D80: 데이터 ON 비디오 플러스 | E80: PL227R448 | F80: Y 데이터 ON 톡 플러스 | G80: PL2292829 | H80: Y 군인 55 Plus | I80: PL202R905 | J80: 순 LTE선택형180분10GB | K80: SELECSB06
D81: 데이터 ON 프리미엄 | E81: KDRTLTE90 | F81: Y 데이터 ON 비디오 플러스 | G81: PL2292828 | H81: Y 군인 77 Plus | I81: PL2043266 | J81: 순 LTE선택형300분6GB | K81: SELECSC05
D82: LTE 안심데이터 38.5 | E82: KJPLTE4J1 | F82: Y데이터 ON 프리미엄 | G82: NWY24LTE3 | H82: 순 LTE선택형100분10GB | I82: SELECSA06 | J82: 순 LTE선택형300분10GB | K82: SELECSC06
D83: Y틴 ON | E83: NBIGI0001 | F83: Y 군인 55 Plus(미디어팩) | G83: NWYROKAF1 | H83: 순 LTE선택형180분6GB | I83: SELECSB05 | J83: 순 LTE선택형400분1GB | K83: SELECSD02
D84: Y 데이터 ON 톡 플러스 | E84: PL2292829 | F84: 데이터ON 시니어 | G84: PL19B5411 | H84: 순 LTE선택형180분10GB | I84: SELECSB06 | J84: 순 LTE선택형400분2GB | K84: SELECSD03
D85: Y 데이터 ON 비디오 플러스 | E85: PL2292828 | F85: 데이터ON 나눔 | G85: PL19B5412 | H85: 순 LTE선택형300분2GB | I85: SELECSC03 | J85: 순 LTE선택형400분3GB | K85: SELECSD04
D86: Y데이터 ON 프리미엄 | E86: NWY24LTE3 | F86: Y 군인 55 Plus | G86: PL202R905 | H86: 순 LTE선택형300분3GB | I86: SELECSC04 | J86: 순 LTE선택형400분6GB | K86: SELECSD05
D87: Y 군인 33 | E87: NWYROKAF0 | F87: Y 군인 77 Plus | G87: PL2043266 | H87: 순 LTE선택형300분6GB | I87: SELECSC05 | J87: 순 LTE선택형400분10GB | K87: SELECSD06
D88: Y 군인 55 Plus(미디어팩) | E88: NWYROKAF1 | F88: 순 LTE선택형100분3GB | G88: SELECSA04 | H88: 순 LTE선택형300분10GB | I88: SELECSC06 | J88: 순 망내무한선택형100분10GB | K88: SELECSF06
D89: 시니어 베이직 | E89: PL19B5399 | F89: 순 LTE선택형100분6GB | G89: SELECSA05 | H89: 순 LTE선택형400분250MB | I89: SELECSD01 | J89: 순 망내무한선택형180분6GB | K89: SELECSG05
... D94: Y 군인 77 Plus | E94: PL2043266 | F94: 순 LTE선택형180분10GB | G94: SELECSB06 | H94: 순 LTE선택형400분10GB | I94: SELECSD06 | J94: 순 망내무한선택형300분10GB | K94: SELECSH06
D95: Y주니어 ON | E95: PL20BN437 | F95: 순 LTE선택형300분250MB | G95: SELECSC01 | H95: 순 망내무한선택형100분10GB | I95: SELECSF06
D96: LTE 주니어 슬림 | E96: PL21BT587 | F96: 순 LTE선택형300분1GB | G96: SELECSC02 | H96: 순 망내무한선택형180분2GB | I96: SELECSG03
D97: Y 베이직 | E97: PYTLTEBAS | F97: 순 LTE선택형300분2GB | G97: SELECSC03 | H97: 순 망내무한선택형180분3GB | I97: SELECSG04
D98: 순 LTE선택형100분3GB | E98: SELECSA04 | F98: 순 LTE선택형300분3GB | G98: SELECSC04 | H98: 순 망내무한선택형180분6GB | I98: SELECSG05
D99: 순 LTE선택형100분6GB | E99: SELECSA05 | F99: 순 LTE선택형300분6GB | G99: SELECSC05 | H99: 순 망내무한선택형180분10GB | I99: SELECSG06
D100: 순 LTE선택형100분10GB | E100: SELECSA06 | F100: 순 LTE선택형300분10GB | G100: SELECSC06 | H100: 순 망내무한선택형300분250MB | I100: SELECSH01
D101: 순 LTE선택형180분2GB | E101: SELECSB03 | F101: 순 LTE선택형400분250MB | G101: SELECSD01 | H101: 순 망내무한선택형300분1GB | I101: SELECSH02
D102: 순 LTE선택형180분3GB | E102: SELECSB04 | F102: 순 LTE선택형400분1GB | G102: SELECSD02 | H102: 순 망내무한선택형300분2GB | I102: SELECSH03
D103: 순 LTE선택형180분6GB | E103: SELECSB05 | F103: 순 LTE선택형400분2GB | G103: SELECSD03 | H103: 순 망내무한선택형300분3GB | I103: SELECSH04
D104: 순 LTE선택형180분10GB | E104: SELECSB06 | F104: 순 LTE선택형400분3GB | G104: SELECSD04 | H104: 순 망내무한선택형300분6GB | I104: SELECSH05
D105: 순 LTE선택형300분250MB | E105: SELECSC01 | F105: 순 LTE선택형400분6GB | G105: SELECSD05 | H105: 순 망내무한선택형300분10GB | I105: SELECSH06
D106: 순 LTE선택형300분1GB | E106: SELECSC02 | F106: 순 LTE선택형400분10GB | G106: SELECSD06
D107: 순 LTE선택형300분2GB | E107: SELECSC03 | F107: 순 망내무한선택형100분2GB | G107: SELECSF03
D108: 순 LTE선택형300분3GB | E108: SELECSC04 | F108: 순 망내무한선택형100분3GB | G108: SELECSF04
D109: 순 LTE선택형300분6GB | E109: SELECSC05 | F109: 순 망내무한선택형100분6GB | G109: SELECSF05
D110: 순 LTE선택형300분10GB | E110: SELECSC06 | F110: 순 망내무한선택형100분10GB | G110: SELECSF06
D111: 순 LTE선택형400분250MB | E111: SELECSD01 | F111: 순 망내무한선택형180분2GB | G111: SELECSG03
D112: 순 LTE선택형400분1GB | E112: SELECSD02 | F112: 순 망내무한선택형180분3GB | G112: SELECSG04
D113: 순 LTE선택형400분2GB | E113: SELECSD03 | F113: 순 망내무한선택형180분6GB | G113: SELECSG05
D114: 순 LTE선택형400분3GB | E114: SELECSD04 | F114: 순 망내무한선택형180분10GB | G114: SELECSG06
...

Sheet 정책적용 요금제_5G
B1: ■ 정책 적용 요금제 List_(5G요금제/24.5.1~)
B3: (공통) 33K 이상 정책 대상 List | D3: (공통) 37K 이상 정책 대상 List | F3: (공통) 49K 이상 정책 대상 List | H3: (공통) 55K 이상 정책 대상 List | J3: (공통) 61K 이상 정책 대상 List | L3: (공통) 69K 이상 정책 대상 List | N3: (공통) 80K 이상 정책 대상 List | P3: (공통) 90K 이상 정책 대상 List | R3: (공통) 100K 이상 정책 대상 List | T3: (공통) 110K 이상 정책 대상 List
B4: 요금제명 | C4: 요금제ID | D4: 요금제명 | E4: 요금제ID | F4: 요금제명 | G4: 요금제ID | H4: 요금제명 | I4: 요금제ID | J4: 요금제명 | K4: 요금제ID | L4: 요금제명 | M4: 요금제ID | N4: 요금제명 | O4: 요금제ID | P4: 요금제명 | Q4: 요금제ID | R4: 요금제명 | S4: 요금제ID | T4: 요금제명 | U4: 요금제ID
B5: 5G 슬림 14GB | C5: 5GINTMPP2 | D5: 5G 슬림 14GB | E5: 5GINTMPP2 | F5: 5G 슬림 14GB | G5: 5GINTMPP2 | H5: 5G 슬림 14GB | I5: 5GINTMPP2 | J5: 베이직 | K5: 5GINTMPP3 | L5: 베이직 | M5: 5GINTMPP3 | N5: 베이직 | O5: 5GINTMPP3 | P5: 스페셜 | Q5: 5GINTMPP4 | R5: 스페셜 | S5: 5GINTMPP4 | T5: 넷플릭스 초이스 스페셜 | U5: PL208A884
B6: 5G 슬림(이월) 14GB | C6: PL23B1938 | D6: 5G 슬림(이월) 14GB | E6: PL23B1938 | F6: 5G 슬림(이월) 14GB | G6: PL23B1938 | H6: 5G 슬림(이월) 14GB | I6: PL23B1938 | J6: 스페셜 | K6: 5GINTMPP4 | L6: 스페셜 | M6: 5GINTMPP4 | N6: 스페셜 | O6: 5GINTMPP4 | P6: 5G Y 스페셜 | Q6: PL19CB587 | R6: 5G Y 스페셜 | S6: PL19CB587 | T6: 넷플릭스 초이스 프리미엄 | U6: PL208A888
B7: 5G 슬림(군인) | C7: PL21CL673 | D7: 5G 슬림(군인) | E7: PL21CL673 | F7: 5G 슬림(군인) | G7: PL21CL673 | H7: 5G 슬림(군인) | I7: PL21CL673 | J7: 5G 심플 110GB | K7: 5GINTMPP7 | L7: 5G 심플 110GB | M7: 5GINTMPP7 | N7: 5G Y 스페셜 | O7: PL19CB587 | P7: 넷플릭스 초이스 스페셜 | Q7: PL208A884 | R7: 넷플릭스 초이스 스페셜 | S7: PL208A884 | T7: 현대카드 초이스 스페셜 | U7: PL2146251
B8: 베이직 | C8: 5GINTMPP3 | D8: 베이직 | E8: 5GINTMPP3 | F8: 베이직 | G8: 5GINTMPP3 | H8: 베이직 | I8: 5GINTMPP3 | J8: 5G 심플 90GB | K8: PL234D608 | L8: 5G Y 스페셜 | M8: PL19CB587 | N8: 5G Y 베이직 | O8: PL19CB588 | P8: 넷플릭스 초이스 프리미엄 | Q8: PL208A888 | R8: 넷플릭스 초이스 프리미엄 | S8: PL208A888 | T8: 현대카드 초이스 프리미엄 | U8: PL2146252
B9: 스페셜 | C9: 5GINTMPP4 | D9: 스페셜 | E9: 5GINTMPP4 | F9: 스페셜 | G9: 5GINTMPP4 | H9: 스페셜 | I9: 5GINTMPP4 | J9: 5G 심플 70GB | K9: PL234D607 | L9: 5G Y 베이직 | M9: PL19CB588 | N9: 넷플릭스 초이스 스페셜 | O9: PL208A884 | P9: 넷플릭스 초이스 베이직 | Q9: PL208A889 | R9: 현대카드 초이스 스페셜 | S9: PL2146251 | T9: 디즈니+ 초이스 프리미엄 | U9: PL218N859
B10: 5G 심플 | C10: 5GINTMPP7 | D10: 5G 심플 | E10: 5GINTMPP7 | F10: 5G 심플 | G10: 5GINTMPP7 | H10: 5G 심플 | I10: 5GINTMPP7 | J10: 5G 심플 50GB | K10: PL234D606 | L10: 넷플릭스 초이스 스페셜 | M10: PL208A884 | N10: 넷플릭스 초이스 프리미엄 | O10: PL208A888 | P10: 현대카드 초이스 베이직 | Q10: PL2146250 | R10: 현대카드 초이스 프리미엄 | S10: PL2146252 | T10: 디즈니+ 초이스 스페셜 | U10: PL218N866
B11: 5G 심플 90GB | C11: PL234D608 | D11: 5G 심플 90GB | E11: PL234D608 | F11: 5G 심플 90GB | G11: PL234D608 | H11: 5G 심플 90GB | I11: PL234D608 | J11: 5G Y 스페셜 | K11: PL19CB587 | L11: 넷플릭스 초이스 프리미엄 | M11: PL208A888 | N11: 넷플릭스 초이스 베이직 | O11: PL208A889 | P11: 현대카드 초이스 스페셜 | Q11: PL2146251 | R11: 디즈니+ 초이스 프리미엄 | S11: PL218N859 | T11: 삼성 초이스 프리미엄 | U11: PL21C9618
B12: 5G 심플 70GB | C12: PL234D607 | D12: 5G 심플 70GB | E12: PL234D607 | F12: 5G 심플 70GB | G12: PL234D607 | H12: 5G 심플 70GB | I12: PL234D607 | J12: 5G Y 베이직 | K12: PL19CB588 | L12: 넷플릭스 초이스 베이직 | M12: PL208A889 | N12: 5G 베이직 복지 | O12: PL2128869 | P12: 현대카드 초이스 프리미엄 | Q12: PL2146252 | R12: 디즈니+ 초이스 스페셜 | S12: PL218N866 | T12: 삼성 초이스 스페셜 | U12: PL21C9617
B13: 5G 심플 50GB | C13: PL234D606 | D13: 5G 심플 50GB | E13: PL234D606 | F13: 5G 심플 50GB | G13: PL234D606 | H13: 5G 심플 50GB | I13: PL234D606 | J13: 넷플릭스 초이스 스페셜 | K13: PL208A884 | L13: 5G 베이직 복지 | M13: PL2128869 | N13: 현대카드 초이스 베이직 | O13: PL2146250 | P13: 디즈니+ 초이스 프리미엄 | Q13: PL218N859 | R13: 삼성 초이스 프리미엄 | S13: PL21C9618 | T13: 우리카드 초이스 프리미엄 | U13: PL21CM713
B14: 5G Y틴 | C14: 5GINTMPP8 | D14: 5G Y틴 | E14: 5GINTMPP8 | F14: 5G Y틴 | G14: 5GINTMPP8 | H14: 5G Y틴 | I14: 5GINTMPP8 | J14: 넷플릭스 초이스 프리미엄 | K14: PL208A888 | L14: 현대카드 초이스 베이직 | M14: PL2146250 | N14: 현대카드 초이스 스페셜 | O14: PL2146251 | P14: 디즈니+ 초이스 스페셜 | Q14: PL218N866 | R14: 삼성 초이스 스페셜 | S14: PL21C9617 | T14: 우리카드 초이스 스페셜 | U14: PL21CM720
B15: 5G Y 스페셜 | C15: PL19CB587 | D15: 5G Y 스페셜 | E15: PL19CB587 | F15: 5G Y 스페셜 | G15: PL19CB587 | H15: 5G Y 스페셜 | I15: PL19CB587 | J15: 넷플릭스 초이스 베이직 | K15: PL208A889 | L15: 현대카드 초이스 스페셜 | M15: PL2146251 | N15: 현대카드 초이스 프리미엄 | O15: PL2146252 | P15: 디즈니+ 초이스 베이직 | Q15: PL218N869 | R15: 우리카드 초이스 프리미엄 | S15: PL21CM713 | T15: (유튜브 프리미엄) 초이스 프리미엄 | U15: PL241V593
... B26: 5G 슬림 복지(군인) | C26: PL21CL671 | D26: 5G 슬림 복지(군인) | E26: PL21CL671 | F26: 현대카드 초이스 스페셜 | G26: PL2146251 | H26: 현대카드 초이스 스페셜 | I26: PL2146251 | J26: 삼성 초이스 베이직 | K26: PL21C9619 | L26: 우리카드 초이스 베이직 | M26: PL21CM718 | N26: (유튜브 프리미엄) 초이스 스페셜 | O26: PL241V594 | P26: 디바이스 초이스 스페셜 | Q26: PL221A794 | R26: 코웨이 초이스 스페셜 | S26: PL2193928 | T26: 티빙/밀리 초이스 스페셜 | U26: PL22BO525
B27: 5G 베이직 복지 | C27: PL2128869 | D27: 5G 베이직 복지 | E27: PL2128869 | F27: 현대카드 초이스 프리미엄 | G27: PL2146252 | H27: 현대카드 초이스 프리미엄 | I27: PL2146252 | J27: 우리카드 초이스 프리미엄 | K27: PL21CM713 | L27: (유튜브 프리미엄) 초이스 프리미엄 | M27: PL241V593 | N27: (유튜브 프리미엄) 초이스 베이직 | O27: PL241V595 | P27: 디바이스 초이스 베이직 | Q27: PL221A795 | R27: 티빙/밀리 초이스 프리미엄 | S27: PL22BO519
B28: 현대카드 초이스 베이직 | C28: PL2146250 | D28: 현대카드 초이스 베이직 | E28: PL2146250 | F28: 5G 심플 복지 | G28: PL2154385 | H28: 5G 심플 복지 | I28: PL2154385 | J28: 우리카드 초이스 스페셜 | K28: PL21CM720 | L28: (유튜브 프리미엄) 초이스 스페셜 | M28: PL241V594 | N28: 디바이스 초이스 프리미엄 | O28: PL221A793 | P28: 티빙/지니 초이스 프리미엄 | Q28: PL225O787 | R28: 티빙/밀리 초이스 스페셜 | S28: PL22BO525
B29: 현대카드 초이스 스페셜 | C29: PL2146251 | D29: 현대카드 초이스 스페셜 | E29: PL2146251 | F29: 디즈니+ 초이스 프리미엄 | G29: PL218N859 | H29: 디즈니+ 초이스 프리미엄 | I29: PL218N859 | J29: 우리카드 초이스 베이직 | K29: PL21CM718 | L29: (유튜브 프리미엄) 초이스 베이직 | M29: PL241V595 | N29: 디바이스 초이스 스페셜 | O29: PL221A794 | P29: 티빙/지니 초이스 스폐셜 | Q29: PL225O788
B30: 현대카드 초이스 프리미엄 | C30: PL2146252 | D30: 현대카드 초이스 프리미엄 | E30: PL2146252 | F30: 디즈니+ 초이스 스페셜 | G30: PL218N866 | H30: 디즈니+ 초이스 스페셜 | I30: PL218N866 | J30: (유튜브 프리미엄) 초이스 프리미엄 | K30: PL241V593 | L30: 디바이스 초이스 프리미엄 | M30: PL221A793 | N30: 디바이스 초이스 베이직 | O30: PL221A795 | P30: 티빙/지니 초이스 베이직 | Q30: PL225O789
B31: 5G 심플 복지 | C31: PL2154385 | D31: 5G 심플 복지 | E31: PL2154385 | F31: 디즈니+ 초이스 베이직 | G31: PL218N869 | H31: 디즈니+ 초이스 베이직 | I31: PL218N869 | J31: (유튜브 프리미엄) 초이스 스페셜 | K31: PL241V594 | L31: 디바이스 초이스 스페셜 | M31: PL221A794 | N31: 티빙/지니 초이스 프리미엄 | O31: PL225O787 | P31: BC바로 카드 초이스 프리미엄 | Q31: PL225O770
B32: 디즈니+ 초이스 프리미엄 | C32: PL218N859 | D32: 디즈니+ 초이스 프리미엄 | E32: PL218N859 | F32: 삼성 초이스 프리미엄 | G32: PL21C9618 | H32: 삼성 초이스 프리미엄 | I32: PL21C9618 | J32: (유튜브 프리미엄) 초이스 베이직 | K32: PL241V595 | L32: 디바이스 초이스 베이직 | M32: PL221A795 | N32: 티빙/지니 초이스 스폐셜 | O32: PL225O788 | P32: BC바로 카드 초이스 스페셜 | Q32: PL225O772
B33: 디즈니+ 초이스 스페셜 | C33: PL218N866 | D33: 디즈니+ 초이스 스페셜 | E33: PL218N866 | F33: 삼성 초이스 스페셜 | G33: PL21C9617 | H33: 삼성 초이스 스페셜 | I33: PL21C9617 | J33: 디바이스 초이스 프리미엄 | K33: PL221A793 | L33: 티빙/지니 초이스 프리미엄 | M33: PL225O787 | N33: 티빙/지니 초이스 베이직 | O33: PL225O789 | P33: BC바로 카드 초이스 베이직 | Q33: PL225O773
B34: 디즈니+ 초이스 베이직 | C34: PL218N869 | D34: 디즈니+ 초이스 베이직 | E34: PL218N869 | F34: 삼성 초이스 베이직 | G34: PL21C9619 | H34: 삼성 초이스 베이직 | I34: PL21C9619 | J34: 디바이스 초이스 스페셜 | K34: PL221A794 | L34: 티빙/지니 초이스 스폐셜 | M34: PL225O788 | N34: BC바로 카드 초이스 프리미엄 | O34: PL225O770 | P34: 코웨이 초이스 프리미엄 | Q34: PL2193924
B35: 삼성 초이스 프리미엄 | C35: PL21C9618 | D35: 삼성 초이스 프리미엄 | E35: PL21C9618 | F35: 우리카드 초이스 프리미엄 | G35: PL21CM713 | H35: 우리카드 초이스 프리미엄 | I35: PL21CM713 | J35: 디바이스 초이스 베이직 | K35: PL221A795 | L35: 티빙/지니 초이스 베이직 | M35: PL225O789 | N35: BC바로 카드 초이스 스페셜 | O35: PL225O772 | P35: 코웨이 초이스 스페셜 | Q35: PL2193928
B36: 삼성 초이스 스페셜 | C36: PL21C9617 | D36: 삼성 초이스 스페셜 | E36: PL21C9617 | F36: 우리카드 초이스 스페셜 | G36: PL21CM720 | H36: 우리카드 초이스 스페셜 | I36: PL21CM720 | J36: 티빙/지니 초이스 프리미엄 | K36: PL225O787 | L36: BC바로 카드 초이스 프리미엄 | M36: PL225O770 | N36: BC바로 카드 초이스 베이직 | O36: PL225O773 | P36: 코웨이 초이스 베이직 | Q36: PL2193929
B37: 삼성 초이스 베이직 | C37: PL21C9619 | D37: 삼성 초이스 베이직 | E37: PL21C9619 | F37: 우리카드 초이스 베이직 | G37: PL21CM718 | H37: 우리카드 초이스 베이직 | I37: PL21CM718 | J37: 티빙/지니 초이스 스폐셜 | K37: PL225O788 | L37: BC바로 카드 초이스 스페셜 | M37: PL225O772 | N37: 코웨이 초이스 프리미엄 | O37: PL2193924 | P37: 티빙/밀리 초이스 프리미엄 | Q37: PL22BO519
B38: 우리카드 초이스 프리미엄 | C38: PL21CM713 | D38: 우리카드 초이스 프리미엄 | E38: PL21CM713 | F38: (유튜브 프리미엄) 초이스 프리미엄 | G38: PL241V593 | H38: (유튜브 프리미엄) 초이스 프리미엄 | I38: PL241V593 | J38: 티빙/지니 초이스 베이직 | K38: PL225O789 | L38: BC바로 카드 초이스 베이직 | M38: PL225O773 | N38: 코웨이 초이스 스페셜 | O38: PL2193928 | P38: 티빙/밀리 초이스 스페셜 | Q38: PL22BO525
B39: 우리카드 초이스 스페셜 | C39: PL21CM720 | D39: 우리카드 초이스 스페셜 | E39: PL21CM720 | F39: (유튜브 프리미엄) 초이스 스페셜 | G39: PL241V594 | H39: (유튜브 프리미엄) 초이스 스페셜 | I39: PL241V594 | J39: BC바로 카드 초이스 프리미엄 | K39: PL225O770 | L39: 코웨이 초이스 프리미엄 | M39: PL2193924 | N39: 코웨이 초이스 베이직 | O39: PL2193929 | P39: 티빙/밀리 초이스 베이직 | Q39: PL22BO527
B40: 우리카드 초이스 베이직 | C40: PL21CM718 | D40: 우리카드 초이스 베이직 | E40: PL21CM718 | F40: (유튜브 프리미엄) 초이스 베이직 | G40: PL241V595 | H40: (유튜브 프리미엄) 초이스 베이직 | I40: PL241V595 | J40: BC바로 카드 초이스 스페셜 | K40: PL225O772 | L40: 코웨이 초이스 스페셜 | M40: PL2193928 | N40: 티빙/밀리 초이스 프리미엄 | O40: PL22BO519
B41: (유튜브 프리미엄) 초이스 프리미엄 | C41: PL241V593 | D41: (유튜브 프리미엄) 초이스 프리미엄 | E41: PL241V593 | F41: 디바이스 초이스 프리미엄 | G41: PL221A793 | H41: 디바이스 초이스 프리미엄 | I41: PL221A793 | J41: BC바로 카드 초이스 베이직 | K41: PL225O773 | L41: 코웨이 초이스 베이직 | M41: PL2193929 | N41: 티빙/밀리 초이스 스페셜 | O41: PL22BO525
B42: (유튜브 프리미엄) 초이스 스페셜 | C42: PL241V594 | D42: (유튜브 프리미엄) 초이스 스페셜 | E42: PL241V594 | F42: 디바이스 초이스 스페셜 | G42: PL221A794 | H42: 디바이스 초이스 스페셜 | I42: PL221A794 | J42: 코웨이 초이스 프리미엄 | K42: PL2193924 | L42: 티빙/밀리 초이스 프리미엄 | M42: PL22BO519 | N42: 티빙/밀리 초이스 베이직 | O42: PL22BO527
B43: (유튜브 프리미엄) 초이스 베이직 | C43: PL241V595 | D43: (유튜브 프리미엄) 초이스 베이직 | E43: PL241V595 | F43: 디바이스 초이스 베이직 | G43: PL221A795 | H43: 디바이스 초이스 베이직 | I43: PL221A795 | J43: 코웨이 초이스 스페셜 | K43: PL2193928 | L43: 티빙/밀리 초이스 스페셜 | M43: PL22BO525
B44: 디바이스 초이스 프리미엄 | C44: PL221A793 | D44: 디바이스 초이스 프리미엄 | E44: PL221A793 | F44: 티빙/지니 초이스 프리미엄 | G44: PL225O787 | H44: 티빙/지니 초이스 프리미엄 | I44: PL225O787 | J44: 코웨이 초이스 베이직 | K44: PL2193929 | L44: 티빙/밀리 초이스 베이직 | M44: PL22BO527
B45: 디바이스 초이스 스페셜 | C45: PL221A794 | D45: 디바이스 초이스 스페셜 | E45: PL221A794 | F45: 티빙/지니 초이스 스폐셜 | G45: PL225O788 | H45: 티빙/지니 초이스 스폐셜 | I45: PL225O788 | J45: 티빙/밀리 초이스 프리미엄 | K45: PL22BO519
B46: 디바이스 초이스 베이직 | C46: PL221A795 | D46: 디바이스 초이스 베이직 | E46: PL221A795 | F46: 티빙/지니 초이스 베이직 | G46: PL225O789 | H46: 티빙/지니 초이스 베이직 | I46: PL225O789 | J46: 티빙/밀리 초이스 스페셜 | K46: PL22BO525
B47: 티빙/지니 초이스 프리미엄 | C47: PL225O787 | D47: 티빙/지니 초이스 프리미엄 | E47: PL225O787 | F47: BC바로 카드 초이스 프리미엄 | G47: PL225O770 | H47: BC바로 카드 초이스 프리미엄 | I47: PL225O770 | J47: 티빙/밀리 초이스 베이직 | K47: PL22BO527
B48: 티빙/지니 초이스 스폐셜 | C48: PL225O788 | D48: 티빙/지니 초이스 스폐셜 | E48: PL225O788 | F48: BC바로 카드 초이스 스페셜 | G48: PL225O772 | H48: BC바로 카드 초이스 스페셜 | I48: PL225O772 | J48: 5G 심플 30GB | K48: PL225V838
B49: 티빙/지니 초이스 베이직 | C49: PL225O789 | D49: 티빙/지니 초이스 베이직 | E49: PL225O789 | F49: BC바로 카드 초이스 베이직 | G49: PL225O773 | H49: BC바로 카드 초이스 베이직 | I49: PL225O773 | J49: 5G 시니어 베이직 | K49: PL22CQ769
B50: BC바로 카드 초이스 프리미엄 | C50: PL225O770 | D50: BC바로 카드 초이스 프리미엄 | E50: PL225O770 | F50: 코웨이 초이스 프리미엄 | G50: PL2193924 | H50: 코웨이 초이스 프리미엄 | I50: PL2193924 | J50: 웰컴 5 | K50: PL2435782
B51: BC바로 카드 초이스 스페셜 | C51: PL225O772 | D51: BC바로 카드 초이스 스페셜 | E51: PL225O772 | F51: 코웨이 초이스 스페셜 | G51: PL2193928 | H51: 코웨이 초이스 스페셜 | I51: PL2193928
B52: BC바로 카드 초이스 베이직 | C52: PL225O773 | D52: BC바로 카드 초이스 베이직 | E52: PL225O773 | F52: 코웨이 초이스 베이직 | G52: PL2193929 | H52: 코웨이 초이스 베이직 | I52: PL2193929
B53: 코웨이 초이스 프리미엄 | C53: PL2193924 | D53: 코웨이 초이스 프리미엄 | E53: PL2193924 | F53: 티빙/밀리 초이스 프리미엄 | G53: PL22BO519 | H53: 티빙/밀리 초이스 프리미엄 | I53: PL22BO519
B54: 코웨이 초이스 스페셜 | C54: PL2193928 | D54: 코웨이 초이스 스페셜 | E54: PL2193928 | F54: 티빙/밀리 초이스 스페셜 | G54: PL22BO525 | H54: 티빙/밀리 초이스 스페셜 | I54: PL22BO525
B55: 코웨이 초이스 베이직 | C55: PL2193929 | D55: 코웨이 초이스 베이직 | E55: PL2193929 | F55: 티빙/밀리 초이스 베이직 | G55: PL22BO527 | H55: 티빙/밀리 초이스 베이직 | I55: PL22BO527
B56: 티빙/밀리 초이스 프리미엄 | C56: PL22BO519 | D56: 티빙/밀리 초이스 프리미엄 | E56: PL22BO519 | F56: 5G 심플 30GB | G56: PL225V838 | H56: 5G 심플 30GB | I56: PL225V838
B57: 티빙/밀리 초이스 스페셜 | C57: PL22BO525 | D57: 티빙/밀리 초이스 스페셜 | E57: PL22BO525 | F57: 5G 주니어 | G57: PL21BT585 | H57: 5G 주니어 | I57: PL21BT585
B58: 티빙/밀리 초이스 베이직 | C58: PL22BO527 | D58: 티빙/밀리 초이스 베이직 | E58: PL22BO527 | F58: 5G 시니어 베이직 | G58: PL22CQ769 | H58: 5G 시니어 베이직 | I58: PL22CQ769
B59: 5G 심플 30GB | C59: PL225V838 | D59: 5G 심플 30GB | E59: PL225V838 | F59: 5G 시니어 A형 | G59: PL232R326 | H59: 5G 시니어 A형 | I59: PL232R326
B60: 5G 주니어 | C60: PL21BT585 | D60: 5G 주니어 | E60: PL21BT585 | F60: 5G 시니어 B형 | G60: PL232R325 | H60: 5G 시니어 B형 | I60: PL232R325
B61: 5G 주니어 슬림 | C61: PL21BT586 | D61: 5G 시니어 베이직 | E61: PL22CQ769 | F61: 5G 시니어 C형 | G61: PL233T547 | H61: 5G 시니어 C형 | I61: PL233T547
B62: 5G 시니어 베이직 | C62: PL22CQ769 | D62: 5G 시니어 A형 | E62: PL232R326 | F62: 5G 슬림 21GB | G62: PL23B1944 | H62: 5G 슬림 21GB | I62: PL23B1944
... B65: 5G 시니어 C형 | C65: PL233T547 | D65: 5G 슬림 21GB | E65: PL23B1944 | F65: 5G 슬림(이월) 10GB | G65: PL23B1937 | H65: 웰컴 3 | I65: PL2435781
B66: 5G 슬림 21GB | C66: PL23B1944 | D66: 5G 슬림(이월) 21GB | E66: PL23B1940 | F66: 웰컴 5 | G66: PL2435782
B67: 5G 슬림(이월) 21GB | C67: PL23B1940 | D67: 5G 슬림 10GB | E67: PL23B1943 | F67: 웰컴 3 | G67: PL2435781
B68: 5G 슬림 10GB | C68: PL23B1943 | D68: 5G 슬림(이월) 10GB | E68: PL23B1937
B69: 5G 슬림(이월) 10GB | C69: PL23B1937 | D69: 5G 슬림 4GB | E69: PL23B1942
B70: 5G 슬림 4GB | C70: PL23B1942 | D70: 5G 슬림(이월) 4GB | E70: PL23B1934
B71: 5G 슬림(이월) 4GB | C71: PL23B1934 | D71: 웰컴 5 | E71: PL2435782
B72: 웰컴 5 | C72: PL2435782 | D72: 웰컴 3 | E72: PL2435781
B73: 웰컴 3 | C73: PL2435781 | D73: 웰컴 1 | E73: PL2435780
B74: 웰컴 1 | C74: PL2435780

Sheet 전환지원금_47K미만
B1: ■ 전환지원금 47K미만 요금제 List
B3: 전환지원금 47K 미만 대상 List
B4: 요금제명 | C4: 요금제ID
B5: 5G 슬림 7GB | C5: PL2093132
B6: 5G 슬림(이월) 7GB | C6: PL23B1935
B7: 5G 세이브(군인) | C7: PL21CL674
B8: 5G 주니어 | C8: PL21BT585
B9: 5G 주니어 슬림 | C9: PL21BT586
B10: 5G 슬림 4GB | C10: PL23B1942
B11: 5G 슬림(이월) 4GB | C11: PL23B1934
B12: 웰컴 1 | C12: PL2435780
B13: LTE 베이직 플러스 | C13: PL2312875
B14: 순 골든20(LTE) | C14: GDN275LTN
B15: LTE 베이직 | C15: KDRTLTE40
... B58: Y주니어 19.8(LTE) | C58: YJUNRLTE1

Sheet 출고가
B1: ■ 공시 지원금 | E1: 3
B2: 제조사 | C2: 5G모델 | D2: 펫네임 | E2: 출고가
B3: 애플 | C3: AIPSE3-64 | D3: iPhone SE 3세대 64G | E3: 424600
B4: 애플 | C4: AIPSE3-128 | D4: iPhone SE 3세대 128G | E4: 495000
B5: 애플 | C5: AIPSE3-256 | D5: iPhone SE 3세대 256G | E5: 634700
B6: 애플 | C6: AIPSE3-Y2K | D6: iPhone SE3 Y2K팩 | E6: 572000
B7: 애플 | C7: AIP13M-128 | D7: 아이폰13 mini 128GB | E7: 726000
B8: 애플 | C8: AIP13M-256 | D8: 아이폰13 mini 256GB | E8: 858000
B9: 애플 | C9: AIP13M-512 | D9: 아이폰13 mini 512GB | E9: 1133000
B10: 애플 | C10: AIP13-128 | D10: 아이폰13 128GB | E10: 748000
B11: 애플 | C11: AIP13-256 | D11: 아이폰13 256GB | E11: 891000
B12: 애플 | C12: AIP14-128 | D12: iPhone 14 128G | E12: 913000
B13: 애플 | C13: AIP14-256 | D13: iPhone 14 256G | E13: 1067000
B14: 애플 | C14: AIP14-512 | D14: iPhone 14 512G | E14: 1364000
... B141: 삼성 | C141: SM-M336K | D141: Galaxy Jump2 | E141: 399300
B144: 제조사 | C144: LTE모델 | D144: 펫네임 | E144: 출고가
B145: 애플 | C145: AIP11-128_2022 | D145: iPhone 11 128GB (2022) | E145: 528000
B146: 삼성 | C146: SM-A175NK-KP | D146: 폼폼푸린 키즈폰 | E146: 349000
B147: 삼성 | C147: SM-A175NK | D147: 갤럭시 A17 | E147: 319000
B148: 삼성 | C148: SM-A165NK-KP | D148: 포차코 키즈폰 | E148: 349800
B149: 삼성 | C149: SM-A165NK | D149: 갤럭시 A16 | E149: 319000
B150: 삼성 | C150: SM-A155NK | D150: 갤럭시 A15 | E150: 319000
B151: 삼성 | C151: SM-A245NK | D151: 갤럭시 A24 | E151: 396000
B152: 삼성 | C152: SM-A235NK | D152: 갤럭시 A23 | E152: 374000
B153: 삼성 | C153: SM-A135NK | D153: 갤럭시 A13 | E153: 297000
B154: 삼성 | C154: SM-G525NK-KP3 | D154: 신비키즈폰3 | E154: 308000
B155: 샤오미 | C155: MI-RMN12K | D155: 레드미 노트 12 | E155: 299200
B156: ALT | C156: AT-M120K | D156: 스타일 폴더(화이트) | E156: 237600
... B158: 샤오미 | C158: MI-RMN13K | D158: 샤오미 레드미 노트 13 | E158: 299200
E160: 3
B161: 구분 | C161: 모델명 | D161: 펫네임 | E161: 출고가
B162: LTE | C162: AWSE2C-40ASBST | D162: Apple Watch SE 40mm 스타라이트 알류미늄 | E162: 429000
B163: LTE | C163: AWSE2C-40ASBM | D163: Apple Watch SE 40mm 미드나이트 알류미늄 | E163: 429000
B164: LTE | C164: AWSE2C-40ASBW | D164: Apple Watch SE 40mm 실버 알류미늄 | E164: 429000
B165: LTE | C165: AWSE2C-44ASBST | D165: Apple Watch SE 44mm 스타라이트 알류미늄 | E165: 468600
B166: LTE | C166: AWSE2C-44ASBM | D166: Apple Watch SE 44mm 미드나이트 알류미늄 | E166: 468600
B167: LTE | C167: AWSE2C-44ASBW | D167: Apple Watch SE 44mm 실버 알류미늄 | E167: 468600
B168: LTE | C168: AWSE2NC-40ASBST | D168: Apple Watch SE2 40mm 스타라이트 알류미늄 | E168: 429000
B169: LTE | C169: AWSE2NC-40ASBM | D169: Apple Watch SE2 40mm 미드나이트 알류미늄 | E169: 429000
B170: LTE | C170: AWSE2NC-40ASBW | D170: Apple Watch SE2 40mm 실버 알류미늄 | E170: 429000
B171: LTE | C171: AWSE2NC-44ASBST | D171: Apple Watch SE2 44mm 스타라이트 알류미늄 | E171: 468600
B172: LTE | C172: AWSE2NC-44ASBM | D172: Apple Watch SE2 44mm 미드나이트 알류미늄 | E172: 468600
B173: LTE | C173: AWSE2NC-44ASBW | D173: Apple Watch SE2 44mm 실버 알류미늄 | E173: 468600
... B230: LTE | C230: SM-L315NK | D230: 갤럭시 워치7 44mm | E230: 419100
B231: LTE | C231: SM-L705NK | D231: 갤럭시 워치 울트라 | E231: 899800 | F231: 워치 울트라
B232: LTE | C232: SM-R935NK | D232: 갤럭시 워치6 40mm | E232: 359700
B233: LTE | C233: SM-R945NK | D233: 갤럭시 워치6 44mm | E233: 399300
B234: LTE | C234: SM-R955NK | D234: 갤럭시 워치6 클래식 43mm | E234: 459800
B235: LTE | C235: SM-R965NK | D235: 갤럭시 워치6 클래식 47mm | E235: 499400
B236: LTE | C236: SM-R905NK | D236: 갤럭시 워치5 40 | E236: 330000
B237: LTE | C237: SM-R915NK | D237: 갤럭시 워치5 44 | E237: 363000
B238: LTE | C238: SM-R925NK | D238: 갤럭시 워치5 프로 | E238: 528000
B239: LTE | C239: SM-R925NKGOLF | D239: 갤럭시 워치5 프로 골프 | E239: 577500
B240: LTE | C240: SM-R875NKGOLF | D240: 갤럭시워치4 44mm 골프 | E240: 330000
B241: LTE | C241: SM-R865NKGOLF | D241: 갤럭시워치4 40mm 골프 | E241: 299200
B242: LTE | C242: SM-R895NK | D242: 갤럭시워치4클래식 46mm | E242: 369600
B243: LTE | C243: SM-R885NK | D243: 갤럭시워치4클래식 42mm | E243: 339900
... B245: LTE | C245: SM-R865NK | D245: 갤럭시워치4 40mm | E245: 299200
B247: ■ 5G 패드 공시 지원금 | E247: 3
B248: 제조사 | C248: 모델명 | D248: 펫네임 | E248: 출고가
B249: 삼성 | C249: NT935QDBN0 | D249: 갤럭시북 Pro 360 5G | E249: 2350700
B250: 삼성 | C250: NT545XLAN0 | D250: 갤럭시북 GO 5G | E250: 998800
B251: 삼성 | C251: SM-X716N0 | D251: Galaxy Tab S9 | E251: 1218800
B252: 삼성 | C252: SM-X816N0 | D252: Galaxy Tab S9 Plus | E252: 1468500
B253: 삼성 | C253: SM-X916N0 | D253: Galaxy Tab S9 Ultra 256G | E253: 1818300
B254: 삼성 | C254: SM-X916N0512 | D254: Galaxy Tab S9 Ultra 512G | E254: 1987700
B255: 삼성 | C255: SM-X216N0 | D255: 갤럭시 탭 A9+ | E255: 418000
B256: 삼성 | C256: NT955XEDN0 | D256: 갤럭시 북2 Pro 5G | E256: 1989900
B257: 삼성 | C257: NT345XPAN0 | D257: 갤럭시북3 Go 5G | E257: 557700
B258: 삼성 | C258: NT545XLAN0 | D258: 갤럭시북 GO 5G | E258: 998800
B259: 애플 | C259: IPAD10-64 | D259: iPad 10세대 64G | E259: 759000
B260: 애플 | C260: IPAD10-256 | D260: iPad 10세대 256G | E260: 979000
... B298: 애플 | C298: IPADP-M4-13-2T-N | D298: iPad Pro 13" M4 2TB Nano TextureGlass | E298: 3949000
B300: ■ 패드 공시 지원금 | E300: 3
B301: 제조사 | C301: 모델명 | D301: 펫네임 | E301: 출고가
B302: 애플 | C302: IPAD9-64 | D302: iPad 9세대 64G | E302: 605000
B303: 애플 | C303: IPAD9-256 | D303: iPad 9세대 256G | E303: 803000
B304: 삼성 | C304: SM-T975N0 | D304: 갤탭S7+ LTE | E304: 1249600
B305: 삼성 | C305: SM-T975N0512 | D305: 갤럭시 탭 S7+ 512GB | E305: 1348600
B306: 삼성 | C306: NT935XDBN0 | D306: 갤럭시 북 Pro | E306: 1789700
B307: 삼성 | C307: NT755XDAN0 | D307: 갤럭시 북 | E307: 1290300
B308: 삼성 | C308: NT345XLAN0 | D308: 갤럭시북 GO | E308: 589600
B309: 삼성 | C309: SM-T825N0 | D309: 갤럭시탭S3 | E309: 638000
B310: 삼성 | C310: SM-T505NZAHKTC | D310: olleh tv tab | E310: 352000
B311: 삼성 | C311: SM-X205NZAJKTC | D311: 지니TV탭 2 | E311: 390500
B312: 삼성 | C312: SM-X205N023 | D312: 갤럭시 탭 A8 2023 | E312: 390500
B313: 삼성 | C313: SM-T225N023 | D313: 갤럭시 탭 A7 Lite 64GB 2023 | E313: 247500
... B315: 삼성 | C315: SM-X205N0 | D315: Galaxy Tab A8 | E315: 352000
B317: ■ 기타 공시 지원금 | E317: 3
B318: 제조사 | C318: 모델명 | D318: 펫네임 | E318: 출고가
B319: 인포마크 | C319: GLM-200 | D319: GiGA Genie LTE2 | E319: 264000
B320: 인포마크 | C320: IML540 | D320: Egg Talk | E320: 154000
B321: 인포마크 | C321: MKL-E2000 | D321: Slim egg 3 | E321: 132000
B322: 인포마크 | C322: MKL-U1000 | D322: USB egg | E322: 99000
B323: 넥스프링 | C323: NP30K | D323: LTE egg mini | E323: 33000
B325: ■ 5G Egg 공시 지원금 | E325: 3
B326: 제조사 | C326: 모델명 | D326: 펫네임 | E326: 출고가
B327: 마크링크 | C327: MKL-E1100K | D327: 5G EGG 2 | E327: 407000
B328: 벨킨 | C328: BKE-500 | D328: 5G egg | E328: 429000

Sheet 구분자
B1: 개통유형 | C1: 할인유형 | D1: 모델명 | E1: 펫네임 | F1: 모델명
B2: 010신규 | D2: SM-S731NK | E2: 갤럭시S25FE | F2: SM-S731NK | H2: 010신규 | I2: 9 | K2: 0원 | L2: 0 | M2: 0 | P2: 베이직 | Q2: 80000
B3: 번호이동 | C3: 요금할인 | D3: SM-S931NK | E3: 갤럭시S25 | F3: SM-S931NK | H3: 번호이동 | I3: 10 | K3: 5만 | L3: 50000 | M3: 50000 | P3: 심플30G | Q3: 61000
B4: 기기변경 | D4: SM-S936NK | E4: 갤럭시S25+ | F4: SM-S936NK | H4: 기기변경 | I4: 11 | K4: 10만 | L4: 100000 | M4: 100000 | P4: 슬림10G | Q4: 50000
D5: SM-S938NK | E5: 갤럭시S25 울트라 | F5: SM-S938NK | K5: 15만 | L5: 150000 | M5: 150000 | P5: 슬림4G | Q5: 37000
D6: SM-F741NK | E6: 갤럭시 Z Flip6 | F6: SM-F741NK
D7: SM-F956NK | E7: 갤럭시 Z Fold6 | F7: SM-F956NK
D8: SM-S721NK | E8: 갤럭시S24FE | F8: SM-S721NK
D9: SM-S921NK | E9: 갤럭시S24 | F9: SM-S921NK | P9: 데이터ON 프리미엄 | Q9: 69000
D10: SM-S926NK | E10: 갤럭시S24+ | F10: SM-S926NK | P10: 데이터ON 톡 | Q10: 49000
D11: SM-S928NK | E11: 갤럭시S24 울트라 | F11: SM-S928NK | P11: LTE베이직 | Q11: 33000
D12: SM-F766NK | E12: 갤럭시 Z Flip7 | F12: SM-F766NK
D13: SM-F766NK512 | E13: 갤럭시 Z Flip7 512GB | F13: SM-F766NK512
D14: SM-F966NK | E14: 갤럭시 Z Fold7 | F14: SM-F966NK
D15: SM-F966NK512 | E15: 갤럭시 Z Fold7 512GB | F15: SM-F966NK512
D16: SM-F741NK | E16: 갤럭시 Z Flip6 | F16: SM-F741NK
D17: SM-F741NK512 | E17: 갤럭시 Z Flip6 512GB | F17: SM-F741NK512
D18: SM-F956NK | E18: 갤럭시 Z Fold6 | F18: SM-F956NK
D19: SM-F731NK | E19: 갤럭시 Z Flip5 | F19: SM-F731NK
D20: SM-F946NK | E20: 갤럭시 Z Fold5 | F20: SM-F946NK
D21: SM-S911NK_PYE | E21: 갤럭시S23 프리미엄 Y에디션 | F21: SM-S911NK_PYE
D22: SM-S711NK | E22: 갤럭시S23FE | F22: SM-S711NK
D23: SM-F936NK | E23: 갤럭시 Z Fold4 | F23: SM-F936NK
... D89: SM-A536NK | E89: Galaxy A53 5G | F89: SM-A536NK

Sheet 정책서 정리
B1: ■4월 정책(AA00277) | C1: ★정책번호 1호 [기본정책] | P1: ★2호정책 [프리미엄확대정책] | T1: ★4호정책 [ARPU확대정책] | X1: ★4호정책 [ARPU확대정책] | AB1: ■5호 [판촉강화정책] | AI1: ■5-1호 [판촉강화정책] | AM1: ■최종정책
B2: 구분 | C2: 33이상 (19.8/275포함) | F2: 49이상 | I2: 5G슬림 | L2: 5G베이직 | P2: LTE69/5G베이직이상 | T2: LTE69/5G베이직이상 | X2: 베이직 플러스 이상 | AB2: LTE33~49 미만/ 5G슬림 | AE2: LTE49/5G베이직이상 | AI2: LTE49/5G베이직이상 | AM2: 33이상 (19.8/275포함) | AP2: 49이상 | AS2: 69이상 | AV2: 5G슬림 | AY2: 5G베이직 | BB2: 5G베이직PLUS
C4: 신규 | D4: MNP | E4: 전환 | F4: 신규 | G4: MNP | H4: 전환 | I4: 신규 | J4: MNP | K4: 전환 | L4: 신규 | M4: MNP | N4: 전환 | P4: 신규 | Q4: MNP | R4: 전환 | T4: 신규 | U4: MNP | V4: 전환 | X4: 신규 | Y4: MNP | Z4: 전환 | AB4: 신규 | AC4: MNP | AD4: 전환 | AE4: 신규 | AF4: MNP | AG4: 전환 | AI4: 신규 | AJ4: MNP | AK4: 전환 | AM4: 신규 | AN4: MNP | AO4: 기변 | AP4: 신규 | AQ4: MNP | AR4: 기변 | AS4: 신규 | AT4: MNP | AU4: 기변 | AV4: 신규 | AW4: MNP | AX4: 전환 | AY4: 신규 | AZ4: MNP | BA4: 전환 | BB4: 신규 | BC4: MNP | BD4: 전환
B5: SM-F907NK | C5: 10 | D5: 10 | E5: 10 | F5: 10 | G5: 10 | H5: 10 | I5: 10 | J5: 10 | K5: 10 | L5: 10 | M5: 10 | N5: 10 | X5: 10 | Y5: 10 | Z5: 10 | AB5: 10 | AE5: 10 | AF5: 10 | AG5: 10 | AV5: =SUM(I5,AB5,) -> 20 | AW5: =SUM(J5,AC5,) -> 10 | AX5: =SUM(K5,AD5,) -> 10 | AY5: =SUM(L5,P5,T5,AE5,AI5,) -> 20 | AZ5: =SUM(M5,Q5,U5,AF5,AJ5,) -> 20 | BA5: =SUM(N5,R5,V5,AG5,AK5,) -> 20 | BB5: =SUM(L5,P5,T5,X5,AE5,AI5,) -> 30 | BC5: =SUM(M5,Q5,U5,Y5,AF5,AJ5,) -> 30 | BD5: =SUM(N5,R5,V5,Z5,AG5,AK5,) -> 30
B6: SM-N971NK | C6: 20 | D6: 20 | E6: 20 | F6: 25 | G6: 25 | H6: 25 | I6: 20 | J6: 20 | K6: 20 | L6: 25 | M6: 25 | N6: 25 | P6: 10 | Q6: 10 | R6: 10 | T6: 3 | U6: 3 | V6: 3 | X6: 10 | Y6: 10 | Z6: 10 | AB6: 10 | AE6: 10 | AF6: 10 | AG6: 10 | AV6: =SUM(I6,AB6,) -> 30 | AW6: =SUM(J6,AC6,) -> 20 | AX6: =SUM(K6,AD6,) -> 20 | AY6: =SUM(L6,P6,T6,AE6,AI6,) -> 48 | AZ6: =SUM(M6,Q6,U6,AF6,AJ6,) -> 48 | BA6: =SUM(N6,R6,V6,AG6,AK6,) -> 48 | BB6: =SUM(L6,P6,T6,X6,AE6,AI6,) -> 58 | BC6: =SUM(M6,Q6,U6,Y6,AF6,AJ6,) -> 58 | BD6: =SUM(N6,R6,V6,Z6,AG6,AK6,) -> 58
B7: SM-N976NK | C7: 20 | D7: 20 | E7: 20 | F7: 25 | G7: 25 | H7: 25 | I7: 20 | J7: 20 | K7: 20 | L7: 25 | M7: 25 | N7: 25 | P7: 10 | Q7: 10 | R7: 10 | T7: 3 | U7: 3 | V7: 3 | X7: 10 | Y7: 10 | Z7: 10 | AB7: 10 | AE7: 10 | AF7: 10 | AG7: 10 | AV7: =SUM(I7,AB7,) -> 30 | AW7: =SUM(J7,AC7,) -> 20 | AX7: =SUM(K7,AD7,) -> 20 | AY7: =SUM(L7,P7,T7,AE7,AI7,) -> 48 | AZ7: =SUM(M7,Q7,U7,AF7,AJ7,) -> 48 | BA7: =SUM(N7,R7,V7,AG7,AK7,) -> 48 | BB7: =SUM(L7,P7,T7,X7,AE7,AI7,) -> 58 | BC7: =SUM(M7,Q7,U7,Y7,AF7,AJ7,) -> 58 | BD7: =SUM(N7,R7,V7,Z7,AG7,AK7,) -> 58
B8: SM-G981NK | C8: 20 | D8: 20 | E8: 20 | F8: 25 | G8: 25 | H8: 25 | I8: 20 | J8: 20 | K8: 20 | L8: 25 | M8: 25 | N8: 25 | P8: 10 | Q8: 10 | R8: 10 | X8: 10 | Y8: 10 | Z8: 10 | AB8: 10 | AE8: 10 | AF8: 10 | AG8: 10 | AV8: =SUM(I8,AB8,) -> 30 | AW8: =SUM(J8,AC8,) -> 20 | AX8: =SUM(K8,AD8,) -> 20 | AY8: =SUM(L8,P8,T8,AE8,AI8,) -> 45 | AZ8: =SUM(M8,Q8,U8,AF8,AJ8,) -> 45 | BA8: =SUM(N8,R8,V8,AG8,AK8,) -> 45 | BB8: =SUM(L8,P8,T8,X8,AE8,AI8,) -> 55 | BC8: =SUM(M8,Q8,U8,Y8,AF8,AJ8,) -> 55 | BD8: =SUM(N8,R8,V8,Z8,AG8,AK8,) -> 55
B9: SM-G986NK | C9: 20 | D9: 20 | E9: 20 | F9: 25 | G9: 25 | H9: 25 | I9: 20 | J9: 20 | K9: 20 | L9: 25 | M9: 25 | N9: 25 | P9: 10 | Q9: 10 | R9: 10 | X9: 10 | Y9: 10 | Z9: 10 | AB9: 10 | AE9: 10 | AF9: 10 | AG9: 10 | AV9: =SUM(I9,AB9,) -> 30 | AW9: =SUM(J9,AC9,) -> 20 | AX9: =SUM(K9,AD9,) -> 20 | AY9: =SUM(L9,P9,T9,AE9,AI9,) -> 45 | AZ9: =SUM(M9,Q9,U9,AF9,AJ9,) -> 45 | BA9: =SUM(N9,R9,V9,AG9,AK9,) -> 45 | BB9: =SUM(L9,P9,T9,X9,AE9,AI9,) -> 55 | BC9: =SUM(M9,Q9,U9,Y9,AF9,AJ9,) -> 55 | BD9: =SUM(N9,R9,V9,Z9,AG9,AK9,) -> 55
B10: SM-G988NK | C10: 20 | D10: 20 | E10: 20 | F10: 25 | G10: 25 | H10: 25 | I10: 20 | J10: 20 | K10: 20 | L10: 25 | M10: 25 | N10: 25 | P10: 10 | Q10: 10 | R10: 10 | X10: 10 | Y10: 10 | Z10: 10 | AB10: 10 | AE10: 10 | AF10: 10 | AG10: 10 | AV10: =SUM(I10,AB10,) -> 30 | AW10: =SUM(J10,AC10,) -> 20 | AX10: =SUM(K10,AD10,) -> 20 | AY10: =SUM(L10,P10,T10,AE10,AI10,) -> 45 | AZ10: =SUM(M10,Q10,U10,AF10,AJ10,) -> 45 | BA10: =SUM(N10,R10,V10,AG10,AK10,) -> 45 | BB10: =SUM(L10,P10,T10,X10,AE10,AI10,) -> 55 | BC10: =SUM(M10,Q10,U10,Y10,AF10,AJ10,) -> 55 | BD10: =SUM(N10,R10,V10,Z10,AG10,AK10,) -> 55
B11: SM-G977NK | C11: 20 | D11: 20 | E11: 20 | F11: 25 | G11: 25 | H11: 25 | I11: 20 | J11: 20 | K11: 20 | L11: 25 | M11: 25 | N11: 25 | P11: 10 | Q11: 10 | R11: 10 | T11: 3 | U11: 3 | V11: 3 | X11: 10 | Y11: 10 | Z11: 10 | AB11: 10 | AE11: 10 | AF11: 10 | AG11: 10 | AV11: =SUM(I11,AB11,) -> 30 | AW11: =SUM(J11,AC11,) -> 20 | AX11: =SUM(K11,AD11,) -> 20 | AY11: =SUM(L11,P11,T11,AE11,AI11,) -> 48 | AZ11: =SUM(M11,Q11,U11,AF11,AJ11,) -> 48 | BA11: =SUM(N11,R11,V11,AG11,AK11,) -> 48 | BB11: =SUM(L11,P11,T11,X11,AE11,AI11,) -> 58 | BC11: =SUM(M11,Q11,U11,Y11,AF11,AJ11,) -> 58 | BD11: =SUM(N11,R11,V11,Z11,AG11,AK11,) -> 58
B12: SM-A908NK | C12: 20 | D12: 20 | E12: 20 | F12: 25 | G12: 25 | H12: 25 | I12: 20 | J12: 20 | K12: 20 | L12: 25 | M12: 25 | N12: 25 | P12: 10 | Q12: 10 | R12: 10 | T12: 3 | U12: 3 | V12: 3 | X12: 10 | Y12: 10 | Z12: 10 | AB12: 10 | AE12: 10 | AF12: 10 | AG12: 10 | AV12: =SUM(I12,AB12,) -> 30 | AW12: =SUM(J12,AC12,) -> 20 | AX12: =SUM(K12,AD12,) -> 20 | AY12: =SUM(L12,P12,T12,AE12,AI12,) -> 48 | AZ12: =SUM(M12,Q12,U12,AF12,AJ12,) -> 48 | BA12: =SUM(N12,R12,V12,AG12,AK12,) -> 48 | BB12: =SUM(L12,P12,T12,X12,AE12,AI12,) -> 58 | BC12: =SUM(M12,Q12,U12,Y12,AF12,AJ12,) -> 58 | BD12: =SUM(N12,R12,V12,Z12,AG12,AK12,) -> 58
B13: LM-V510NK | C13: 20 | D13: 20 | E13: 20 | F13: 25 | G13: 25 | H13: 25 | I13: 20 | J13: 20 | K13: 20 | L13: 25 | M13: 25 | N13: 25 | P13: 10 | Q13: 10 | R13: 10 | T13: 3 | U13: 3 | V13: 3 | X13: 10 | Y13: 10 | Z13: 10 | AB13: 10 | AE13: 10 | AF13: 10 | AG13: 10 | AV13: =SUM(I13,AB13,) -> 30 | AW13: =SUM(J13,AC13,) -> 20 | AX13: =SUM(K13,AD13,) -> 20 | AY13: =SUM(L13,P13,T13,AE13,AI13,) -> 48 | AZ13: =SUM(M13,Q13,U13,AF13,AJ13,) -> 48 | BA13: =SUM(N13,R13,V13,AG13,AK13,) -> 48 | BB13: =SUM(L13,P13,T13,X13,AE13,AI13,) -> 58 | BC13: =SUM(M13,Q13,U13,Y13,AF13,AJ13,) -> 58 | BD13: =SUM(N13,R13,V13,Z13,AG13,AK13,) -> 58
B14: LM-V500NK | C14: 20 | D14: 20 | E14: 20 | F14: 25 | G14: 25 | H14: 25 | I14: 20 | J14: 20 | K14: 20 | L14: 25 | M14: 25 | N14: 25 | P14: 10 | Q14: 10 | R14: 10 | T14: 3 | U14: 3 | V14: 3 | X14: 10 | Y14: 10 | Z14: 10 | AB14: 10 | AE14: 10 | AF14: 10 | AG14: 10 | AV14: =SUM(I14,AB14,) -> 30 | AW14: =SUM(J14,AC14,) -> 20 | AX14: =SUM(K14,AD14,) -> 20 | AY14: =SUM(L14,P14,T14,AE14,AI14,) -> 48 | AZ14: =SUM(M14,Q14,U14,AF14,AJ14,) -> 48 | BA14: =SUM(N14,R14,V14,AG14,AK14,) -> 48 | BB14: =SUM(L14,P14,T14,X14,AE14,AI14,) -> 58 | BC14: =SUM(M14,Q14,U14,Y14,AF14,AJ14,) -> 58 | BD14: =SUM(N14,R14,V14,Z14,AG14,AK14,) -> 58
B15: SM-F700NK | C15: 22 | D15: 22 | E15: 12 | F15: 25 | G15: 25 | H15: 15 | I15: 22 | J15: 22 | K15: 12 | L15: 25 | M15: 25 | N15: 15 | P15: 13 | Q15: 13 | R15: 5 | T15: 3 | U15: 3 | AM15: =SUM(C15,AB15) -> 22 | AN15: =SUM(D15,AC15) -> 22 | AO15: =SUM(E15,AD15) -> 12 | AP15: =SUM(F15,AE15,AI15,) -> 25 | AQ15: =SUM(G15,AF15,AJ15,) -> 25 | AR15: =SUM(H15,AG15,AK15,) -> 15 | AS15: =SUM(F15,P15,T15,,AE15,AI15,) -> 41 | AT15: =SUM(G15,Q15,U15,,AF15,AJ15,) -> 41 | AU15: =SUM(H15,R15,V15,,AG15,AK15,) -> 20
B16: SM-N960NK | C16: 22 | D16: 22 | E16: 12 | F16: 25 | G16: 25 | H16: 15 | I16: 22 | J16: 22 | K16: 12 | L16: 25 | M16: 25 | N16: 15 | P16: 13 | Q16: 13 | R16: 5 | T16: 5 | U16: 5 | AB16: 3 | AE16: 3 | AF16: 3 | AM16: =SUM(C16,AB16) -> 25 | AN16: =SUM(D16,AC16) -> 22 | AO16: =SUM(E16,AD16) -> 12 | AP16: =SUM(F16,AE16,AI16,) -> 28 | AQ16: =SUM(G16,AF16,AJ16,) -> 28 | AR16: =SUM(H16,AG16,AK16,) -> 15 | AS16: =SUM(F16,P16,T16,,AE16,AI16,) -> 46 | AT16: =SUM(G16,Q16,U16,,AF16,AJ16,) -> 46 | AU16: =SUM(H16,R16,V16,,AG16,AK16,) -> 20
B17: SM-G973NK_R | C17: 22 | D17: 22 | E17: 12 | F17: 25 | G17: 25 | H17: 15 | I17: 22 | J17: 22 | K17: 12 | L17: 25 | M17: 25 | N17: 15 | AM17: =SUM(C17,AB17) -> 22 | AN17: =SUM(D17,AC17) -> 22 | AO17: =SUM(E17,AD17) -> 12 | AP17: =SUM(F17,AE17,AI17,) -> 25 | AQ17: =SUM(G17,AF17,AJ17,) -> 25 | AR17: =SUM(H17,AG17,AK17,) -> 15 | AS17: =SUM(F17,P17,T17,,AE17,AI17,) -> 25 | AT17: =SUM(G17,Q17,U17,,AF17,AJ17,) -> 25 | AU17: =SUM(H17,R17,V17,,AG17,AK17,) -> 15
B18: SM-G975NK_R | C18: 22 | D18: 22 | E18: 12 | F18: 25 | G18: 25 | H18: 15 | I18: 22 | J18: 22 | K18: 12 | L18: 25 | M18: 25 | N18: 15 | AM18: =SUM(C18,AB18) -> 22 | AN18: =SUM(D18,AC18) -> 22 | AO18: =SUM(E18,AD18) -> 12 | AP18: =SUM(F18,AE18,AI18,) -> 25 | AQ18: =SUM(G18,AF18,AJ18,) -> 25 | AR18: =SUM(H18,AG18,AK18,) -> 15 | AS18: =SUM(F18,P18,T18,,AE18,AI18,) -> 25 | AT18: =SUM(G18,Q18,U18,,AF18,AJ18,) -> 25 | AU18: =SUM(H18,R18,V18,,AG18,AK18,) -> 15
B19: SM-G970NK | C19: 22 | D19: 22 | E19: 12 | F19: 25 | G19: 25 | H19: 15 | I19: 22 | J19: 22 | K19: 12 | L19: 25 | M19: 25 | N19: 15 | P19: 13 | Q19: 13 | R19: 5 | T19: 5 | U19: 5 | AB19: 8 | AE19: 8 | AF19: 8 | AI19: 3 | AJ19: 3 | AM19: =SUM(C19,AB19) -> 30 | AN19: =SUM(D19,AC19) -> 22 | AO19: =SUM(E19,AD19) -> 12 | AP19: =SUM(F19,AE19,AI19,) -> 36 | AQ19: =SUM(G19,AF19,AJ19,) -> 36 | AR19: =SUM(H19,AG19,AK19,) -> 15 | AS19: =SUM(F19,P19,T19,,AE19,AI19,) -> 54 | AT19: =SUM(G19,Q19,U19,,AF19,AJ19,) -> 54 | AU19: =SUM(H19,R19,V19,,AG19,AK19,) -> 20
B20: SM-G973NK | C20: 22 | D20: 22 | E20: 12 | F20: 25 | G20: 25 | H20: 15 | I20: 22 | J20: 22 | K20: 12 | L20: 25 | M20: 25 | N20: 15 | P20: 13 | Q20: 13 | R20: 5 | AB20: 8 | AE20: 8 | AF20: 8 | AM20: =SUM(C20,AB20) -> 30 | AN20: =SUM(D20,AC20) -> 22 | AO20: =SUM(E20,AD20) -> 12 | AP20: =SUM(F20,AE20,AI20,) -> 33 | AQ20: =SUM(G20,AF20,AJ20,) -> 33 | AR20: =SUM(H20,AG20,AK20,) -> 15 | AS20: =SUM(F20,P20,T20,,AE20,AI20,) -> 46 | AT20: =SUM(G20,Q20,U20,,AF20,AJ20,) -> 46 | AU20: =SUM(H20,R20,V20,,AG20,AK20,) -> 20
B21: SM-G975NK | C21: 22 | D21: 22 | E21: 12 | F21: 25 | G21: 25 | H21: 15 | I21: 22 | J21: 22 | K21: 12 | L21: 25 | M21: 25 | N21: 15 | P21: 13 | Q21: 13 | R21: 5 | AB21: 8 | AE21: 8 | AF21: 8 | AI21: 3 | AJ21: 3 | AM21: =SUM(C21,AB21) -> 30 | AN21: =SUM(D21,AC21) -> 22 | AO21: =SUM(E21,AD21) -> 12 | AP21: =SUM(F21,AE21,AI21,) -> 36 | AQ21: =SUM(G21,AF21,AJ21,) -> 36 | AR21: =SUM(H21,AG21,AK21,) -> 15 | AS21: =SUM(F21,P21,T21,,AE21,AI21,) -> 49 | AT21: =SUM(G21,Q21,U21,,AF21,AJ21,) -> 49 | AU21: =SUM(H21,R21,V21,,AG21,AK21,) -> 20
B22: SM-G960NK | C22: 22 | D22: 22 | E22: 12 | F22: 25 | G22: 25 | H22: 15 | I22: 22 | J22: 22 | K22: 12 | L22: 25 | M22: 25 | N22: 15 | P22: 13 | Q22: 13 | R22: 5 | T22: 5 | U22: 5 | AB22: 5 | AE22: 5 | AF22: 5 | AI22: 3 | AJ22: 3 | AM22: =SUM(C22,AB22) -> 27 | AN22: =SUM(D22,AC22) -> 22 | AO22: =SUM(E22,AD22) -> 12 | AP22: =SUM(F22,AE22,AI22,) -> 33 | AQ22: =SUM(G22,AF22,AJ22,) -> 33 | AR22: =SUM(H22,AG22,AK22,) -> 15 | AS22: =SUM(F22,P22,T22,,AE22,AI22,) -> 51 | AT22: =SUM(G22,Q22,U22,,AF22,AJ22,) -> 51 | AU22: =SUM(H22,R22,V22,,AG22,AK22,) -> 20
B23: SM-G965NK | C23: 22 | D23: 22 | E23: 12 | F23: 25 | G23: 25 | H23: 15 | I23: 22 | J23: 22 | K23: 12 | L23: 25 | M23: 25 | N23: 15 | P23: 13 | Q23: 13 | R23: 5 | T23: 5 | U23: 5 | AB23: 5 | AE23: 5 | AF23: 5 | AI23: 3 | AJ23: 3 | AM23: =SUM(C23,AB23) -> 27 | AN23: =SUM(D23,AC23) -> 22 | AO23: =SUM(E23,AD23) -> 12 | AP23: =SUM(F23,AE23,AI23,) -> 33 | AQ23: =SUM(G23,AF23,AJ23,) -> 33 | AR23: =SUM(H23,AG23,AK23,) -> 15 | AS23: =SUM(F23,P23,T23,,AE23,AI23,) -> 51 | AT23: =SUM(G23,Q23,U23,,AF23,AJ23,) -> 51 | AU23: =SUM(H23,R23,V23,,AG23,AK23,) -> 20
B24: SM-G887NK | C24: 22 | D24: 22 | E24: 12 | F24: 25 | G24: 25 | H24: 15 | I24: 22 | J24: 22 | K24: 12 | L24: 25 | M24: 25 | N24: 15 | AB24: 13 | AE24: 13 | AF24: 13 | AM24: =SUM(C24,AB24) -> 35 | AN24: =SUM(D24,AC24) -> 22 | AO24: =SUM(E24,AD24) -> 12 | AP24: =SUM(F24,AE24,AI24,) -> 38 | AQ24: =SUM(G24,AF24,AJ24,) -> 38 | AR24: =SUM(H24,AG24,AK24,) -> 15 | AS24: =SUM(F24,P24,T24,,AE24,AI24,) -> 38 | AT24: =SUM(G24,Q24,U24,,AF24,AJ24,) -> 38 | AU24: =SUM(H24,R24,V24,,AG24,AK24,) -> 15
B25: SM-A750NK | C25: 22 | D25: 22 | E25: 12 | F25: 25 | G25: 25 | H25: 15 | I25: 22 | J25: 22 | K25: 12 | L25: 25 | M25: 25 | N25: 15 | AM25: =SUM(C25,AB25) -> 22 | AN25: =SUM(D25,AC25) -> 22 | AO25: =SUM(E25,AD25) -> 12 | AP25: =SUM(F25,AE25,AI25,) -> 25 | AQ25: =SUM(G25,AF25,AJ25,) -> 25 | AR25: =SUM(H25,AG25,AK25,) -> 15 | AS25: =SUM(F25,P25,T25,,AE25,AI25,) -> 25 | AT25: =SUM(G25,Q25,U25,,AF25,AJ25,) -> 25 | AU25: =SUM(H25,R25,V25,,AG25,AK25,) -> 15
B26: SM-A605K | C26: 22 | D26: 22 | E26: 12 | F26: 25 | G26: 25 | H26: 15 | I26: 22 | J26: 22 | K26: 12 | L26: 25 | M26: 25 | N26: 15 | AM26: =SUM(C26,AB26) -> 22 | AN26: =SUM(D26,AC26) -> 22 | AO26: =SUM(E26,AD26) -> 12 | AP26: =SUM(F26,AE26,AI26,) -> 25 | AQ26: =SUM(G26,AF26,AJ26,) -> 25 | AR26: =SUM(H26,AG26,AK26,) -> 15 | AS26: =SUM(F26,P26,T26,,AE26,AI26,) -> 25 | AT26: =SUM(G26,Q26,U26,,AF26,AJ26,) -> 25 | AU26: =SUM(H26,R26,V26,,AG26,AK26,) -> 15
B27: SM-A505NK | C27: 22 | D27: 22 | E27: 12 | F27: 25 | G27: 25 | H27: 15 | I27: 22 | J27: 22 | K27: 12 | L27: 25 | M27: 25 | N27: 15 | AB27: 15 | AC27: 15 | AE27: 15 | AF27: 15 | AM27: =SUM(C27,AB27) -> 37 | AN27: =SUM(D27,AC27) -> 37 | AO27: =SUM(E27,AD27) -> 12 | AP27: =SUM(F27,AE27,AI27,) -> 40 | AQ27: =SUM(G27,AF27,AJ27,) -> 40 | AR27: =SUM(H27,AG27,AK27,) -> 15 | AS27: =SUM(F27,P27,T27,,AE27,AI27,) -> 40 | AT27: =SUM(G27,Q27,U27,,AF27,AJ27,) -> 40 | AU27: =SUM(H27,R27,V27,,AG27,AK27,) -> 15
B28: SM-A305NK | C28: 22 | D28: 22 | E28: 12 | F28: 25 | G28: 25 | H28: 15 | I28: 22 | J28: 22 | K28: 12 | L28: 25 | M28: 25 | N28: 15 | AM28: =SUM(C28,AB28) -> 22 | AN28: =SUM(D28,AC28) -> 22 | AO28: =SUM(E28,AD28) -> 12 | AP28: =SUM(F28,AE28,AI28,) -> 25 | AQ28: =SUM(G28,AF28,AJ28,) -> 25 | AR28: =SUM(H28,AG28,AK28,) -> 15 | AS28: =SUM(F28,P28,T28,,AE28,AI28,) -> 25 | AT28: =SUM(G28,Q28,U28,,AF28,AJ28,) -> 25 | AU28: =SUM(H28,R28,V28,,AG28,AK28,) -> 15
B29: SM-A202K | C29: 22 | D29: 22 | E29: 12 | F29: 25 | G29: 25 | H29: 15 | I29: 22 | J29: 22 | K29: 12 | L29: 25 | M29: 25 | N29: 15 | AB29: 15 | AC29: 15 | AE29: 15 | AF29: 15 | AM29: =SUM(C29,AB29) -> 37 | AN29: =SUM(D29,AC29) -> 37 | AO29: =SUM(E29,AD29) -> 12 | AP29: =SUM(F29,AE29,AI29,) -> 40 | AQ29: =SUM(G29,AF29,AJ29,) -> 40 | AR29: =SUM(H29,AG29,AK29,) -> 15 | AS29: =SUM(F29,P29,T29,,AE29,AI29,) -> 40 | AT29: =SUM(G29,Q29,U29,,AF29,AJ29,) -> 40 | AU29: =SUM(H29,R29,V29,,AG29,AK29,) -> 15
B30: SM-J330N0 | C30: 22 | D30: 22 | E30: 12 | F30: 25 | G30: 25 | H30: 15 | I30: 22 | J30: 22 | K30: 12 | L30: 25 | M30: 25 | N30: 15 | AM30: =SUM(C30,AB30) -> 22 | AN30: =SUM(D30,AC30) -> 22 | AO30: =SUM(E30,AD30) -> 12 | AP30: =SUM(F30,AE30,AI30,) -> 25 | AQ30: =SUM(G30,AF30,AJ30,) -> 25 | AR30: =SUM(H30,AG30,AK30,) -> 15 | AS30: =SUM(F30,P30,T30,,AE30,AI30,) -> 25 | AT30: =SUM(G30,Q30,U30,,AF30,AJ30,) -> 25 | AU30: =SUM(H30,R30,V30,,AG30,AK30,) -> 15
B31: SM-G160N32 | C31: 22 | D31: 22 | E31: 12 | F31: 25 | G31: 25 | H31: 15 | I31: 22 | J31: 22 | K31: 12 | L31: 25 | M31: 25 | N31: 15 | AB31: 15 | AC31: 15 | AE31: 15 | AF31: 15 | AM31: =SUM(C31,AB31) -> 37 | AN31: =SUM(D31,AC31) -> 37 | AO31: =SUM(E31,AD31) -> 12 | AP31: =SUM(F31,AE31,AI31,) -> 40 | AQ31: =SUM(G31,AF31,AJ31,) -> 40 | AR31: =SUM(H31,AG31,AK31,) -> 15 | AS31: =SUM(F31,P31,T31,,AE31,AI31,) -> 40 | AT31: =SUM(G31,Q31,U31,,AF31,AJ31,) -> 40 | AU31: =SUM(H31,R31,V31,,AG31,AK31,) -> 15
B32: SM-A102N0 | C32: 22 | D32: 22 | E32: 12 | F32: 25 | G32: 25 | H32: 15 | I32: 22 | J32: 22 | K32: 12 | L32: 25 | M32: 25 | N32: 15 | AM32: =SUM(C32,AB32) -> 22 | AN32: =SUM(D32,AC32) -> 22 | AO32: =SUM(E32,AD32) -> 12 | AP32: =SUM(F32,AE32,AI32,) -> 25 | AQ32: =SUM(G32,AF32,AJ32,) -> 25 | AR32: =SUM(H32,AG32,AK32,) -> 15 | AS32: =SUM(F32,P32,T32,,AE32,AI32,) -> 25 | AT32: =SUM(G32,Q32,U32,,AF32,AJ32,) -> 25 | AU32: =SUM(H32,R32,V32,,AG32,AK32,) -> 15
B33: LM-G820NK | C33: 22 | D33: 22 | E33: 12 | F33: 25 | G33: 25 | H33: 15 | I33: 22 | J33: 22 | K33: 12 | L33: 25 | M33: 25 | N33: 15 | P33: 13 | Q33: 13 | R33: 5 | T33: 5 | U33: 5 | X33: 5 | Y33: 5 | AE33: 8 | AF33: 8 | AM33: =SUM(C33,AB33) -> 22 | AN33: =SUM(D33,AC33) -> 22 | AO33: =SUM(E33,AD33) -> 12 | AP33: =SUM(F33,AE33,AI33,) -> 33 | AQ33: =SUM(G33,AF33,AJ33,) -> 33 | AR33: =SUM(H33,AG33,AK33,) -> 15 | AS33: =SUM(F33,P33,T33,,AE33,AI33,) -> 51 | AT33: =SUM(G33,Q33,U33,,AF33,AJ33,) -> 51 | AU33: =SUM(H33,R33,V33,,AG33,AK33,) -> 20
B34: LM-V409K | C34: 22 | D34: 22 | E34: 12 | F34: 25 | G34: 25 | H34: 15 | I34: 22 | J34: 22 | K34: 12 | L34: 25 | M34: 25 | N34: 15 | P34: 13 | Q34: 13 | T34: 5 | U34: 5 | X34: 5 | Y34: 5 | AM34: =SUM(C34,AB34) -> 22 | AN34: =SUM(D34,AC34) -> 22 | AO34: =SUM(E34,AD34) -> 12 | AP34: =SUM(F34,AE34,AI34,) -> 25 | AQ34: =SUM(G34,AF34,AJ34,) -> 25 | AR34: =SUM(H34,AG34,AK34,) -> 15 | AS34: =SUM(F34,P34,T34,,AE34,AI34,) -> 43 | AT34: =SUM(G34,Q34,U34,,AF34,AJ34,) -> 43 | AU34: =SUM(H34,R34,V34,,AG34,AK34,) -> 15
B35: LM-Q727K | C35: 22 | D35: 22 | E35: 12 | F35: 25 | G35: 25 | H35: 15 | I35: 22 | J35: 22 | K35: 12 | L35: 25 | M35: 25 | N35: 15 | AM35: =SUM(C35,AB35) -> 22 | AN35: =SUM(D35,AC35) -> 22 | AO35: =SUM(E35,AD35) -> 12 | AP35: =SUM(F35,AE35,AI35,) -> 25 | AQ35: =SUM(G35,AF35,AJ35,) -> 25 | AR35: =SUM(H35,AG35,AK35,) -> 15 | AS35: =SUM(F35,P35,T35,,AE35,AI35,) -> 25 | AT35: =SUM(G35,Q35,U35,,AF35,AJ35,) -> 25 | AU35: =SUM(H35,R35,V35,,AG35,AK35,) -> 15
B36: LM-Q925K | C36: 22 | D36: 22 | E36: 12 | F36: 25 | G36: 25 | H36: 15 | I36: 22 | J36: 22 | K36: 12 | L36: 25 | M36: 25 | N36: 15 | AM36: =SUM(C36,AB36) -> 22 | AN36: =SUM(D36,AC36) -> 22 | AO36: =SUM(E36,AD36) -> 12 | AP36: =SUM(F36,AE36,AI36,) -> 25 | AQ36: =SUM(G36,AF36,AJ36,) -> 25 | AR36: =SUM(H36,AG36,AK36,) -> 15 | AS36: =SUM(F36,P36,T36,,AE36,AI36,) -> 25 | AT36: =SUM(G36,Q36,U36,,AF36,AJ36,) -> 25 | AU36: =SUM(H36,R36,V36,,AG36,AK36,) -> 15
B37: LM-Q510NK | C37: 22 | D37: 22 | E37: 12 | F37: 25 | G37: 25 | H37: 15 | I37: 22 | J37: 22 | K37: 12 | L37: 25 | M37: 25 | N37: 15 | AM37: =SUM(C37,AB37) -> 22 | AN37: =SUM(D37,AC37) -> 22 | AO37: =SUM(E37,AD37) -> 12 | AP37: =SUM(F37,AE37,AI37,) -> 25 | AQ37: =SUM(G37,AF37,AJ37,) -> 25 | AR37: =SUM(H37,AG37,AK37,) -> 15 | AS37: =SUM(F37,P37,T37,,AE37,AI37,) -> 25 | AT37: =SUM(G37,Q37,U37,,AF37,AJ37,) -> 25 | AU37: =SUM(H37,R37,V37,,AG37,AK37,) -> 15
B38: LM-X625NK | C38: 22 | D38: 22 | E38: 12 | F38: 25 | G38: 25 | H38: 15 | I38: 22 | J38: 22 | K38: 12 | L38: 25 | M38: 25 | N38: 15 | AM38: =SUM(C38,AB38) -> 22 | AN38: =SUM(D38,AC38) -> 22 | AO38: =SUM(E38,AD38) -> 12 | AP38: =SUM(F38,AE38,AI38,) -> 25 | AQ38: =SUM(G38,AF38,AJ38,) -> 25 | AR38: =SUM(H38,AG38,AK38,) -> 15 | AS38: =SUM(F38,P38,T38,,AE38,AI38,) -> 25 | AT38: =SUM(G38,Q38,U38,,AF38,AJ38,) -> 25 | AU38: =SUM(H38,R38,V38,,AG38,AK38,) -> 15
B39: LM-X510K | C39: 22 | D39: 22 | E39: 12 | F39: 25 | G39: 25 | H39: 15 | I39: 22 | J39: 22 | K39: 12 | L39: 25 | M39: 25 | N39: 15 | AM39: =SUM(C39,AB39) -> 22 | AN39: =SUM(D39,AC39) -> 22 | AO39: =SUM(E39,AD39) -> 12 | AP39: =SUM(F39,AE39,AI39,) -> 25 | AQ39: =SUM(G39,AF39,AJ39,) -> 25 | AR39: =SUM(H39,AG39,AK39,) -> 15 | AS39: =SUM(F39,P39,T39,,AE39,AI39,) -> 25 | AT39: =SUM(G39,Q39,U39,,AF39,AJ39,) -> 25 | AU39: =SUM(H39,R39,V39,,AG39,AK39,) -> 15
B40: LM-X420K | C40: 22 | D40: 22 | E40: 12 | F40: 25 | G40: 25 | H40: 15 | I40: 22 | J40: 22 | K40: 12 | L40: 25 | M40: 25 | N40: 15 | AC40: 15 | AF40: 15 | AM40: =SUM(C40,AB40) -> 22 | AN40: =SUM(D40,AC40) -> 37 | AO40: =SUM(E40,AD40) -> 12 | AP40: =SUM(F40,AE40,AI40,) -> 25 | AQ40: =SUM(G40,AF40,AJ40,) -> 40 | AR40: =SUM(H40,AG40,AK40,) -> 15 | AS40: =SUM(F40,P40,T40,,AE40,AI40,) -> 25 | AT40: =SUM(G40,Q40,U40,,AF40,AJ40,) -> 40 | AU40: =SUM(H40,R40,V40,,AG40,AK40,) -> 15
B41: LM-X410K | C41: 22 | D41: 22 | E41: 12 | F41: 25 | G41: 25 | H41: 15 | I41: 22 | J41: 22 | K41: 12 | L41: 25 | M41: 25 | N41: 15 | AM41: =SUM(C41,AB41) -> 22 | AN41: =SUM(D41,AC41) -> 22 | AO41: =SUM(E41,AD41) -> 12 | AP41: =SUM(F41,AE41,AI41,) -> 25 | AQ41: =SUM(G41,AF41,AJ41,) -> 25 | AR41: =SUM(H41,AG41,AK41,) -> 15 | AS41: =SUM(F41,P41,T41,,AE41,AI41,) -> 25 | AT41: =SUM(G41,Q41,U41,,AF41,AJ41,) -> 25 | AU41: =SUM(H41,R41,V41,,AG41,AK41,) -> 15
B42: LM-X220K | C42: 22 | D42: 22 | E42: 12 | F42: 25 | G42: 25 | H42: 15 | I42: 22 | J42: 22 | K42: 12 | L42: 25 | M42: 25 | N42: 15 | AM42: =SUM(C42,AB42) -> 22 | AN42: =SUM(D42,AC42) -> 22 | AO42: =SUM(E42,AD42) -> 12 | AP42: =SUM(F42,AE42,AI42,) -> 25 | AQ42: =SUM(G42,AF42,AJ42,) -> 25 | AR42: =SUM(H42,AG42,AK42,) -> 15 | AS42: =SUM(F42,P42,T42,,AE42,AI42,) -> 25 | AT42: =SUM(G42,Q42,U42,,AF42,AJ42,) -> 25 | AU42: =SUM(H42,R42,V42,,AG42,AK42,) -> 15
B43: AIP11(P/PM) | C43: 19 | D43: 19 | E43: 12 | F43: 23 | G43: 23 | H43: 15 | I43: 19 | J43: 19 | K43: 12 | L43: 23 | M43: 23 | N43: 15 | AE43: 7 | AF43: 12 | AM43: =SUM(C43,AB43) -> 19 | AN43: =SUM(D43,AC43) -> 19 | AO43: =SUM(E43,AD43) -> 12 | AP43: =SUM(F43,AE43,AI43,) -> 30 | AQ43: =SUM(G43,AF43,AJ43,) -> 35 | AR43: =SUM(H43,AG43,AK43,) -> 15 | AS43: =SUM(F43,P43,T43,,AE43,AI43,) -> 30 | AT43: =SUM(G43,Q43,U43,,AF43,AJ43,) -> 35 | AU43: =SUM(H43,R43,V43,,AG43,AK43,) -> 15
B44: AIPX-64 | AB44: 10 | AE44: 10 | AF44: 10 | AM44: =SUM(C44,AB44) -> 10 | AN44: =SUM(D44,AC44) -> 0 | AO44: =SUM(E44,AD44) -> 0 | AP44: =SUM(F44,AE44,AI44,) -> 10 | AQ44: =SUM(G44,AF44,AJ44,) -> 10 | AR44: =SUM(H44,AG44,AK44,) -> 0 | AS44: =SUM(F44,P44,T44,,AE44,AI44,) -> 10 | AT44: =SUM(G44,Q44,U44,,AF44,AJ44,) -> 10 | AU44: =SUM(H44,R44,V44,,AG44,AK44,) -> 0
B45: AIPXS/XR/MAX | C45: 19 | D45: 19 | E45: 12 | F45: 23 | G45: 23 | H45: 15 | I45: 19 | J45: 19 | K45: 12 | L45: 23 | M45: 23 | N45: 15 | P45: 13 | Q45: 13 | R45: 5 | AM45: =SUM(C45,AB45) -> 19 | AN45: =SUM(D45,AC45) -> 19 | AO45: =SUM(E45,AD45) -> 12 | AP45: =SUM(F45,AE45,AI45,) -> 23 | AQ45: =SUM(G45,AF45,AJ45,) -> 23 | AR45: =SUM(H45,AG45,AK45,) -> 15 | AS45: =SUM(F45,P45,T45,,AE45,AI45,) -> 36 | AT45: =SUM(G45,Q45,U45,,AF45,AJ45,) -> 36 | AU45: =SUM(H45,R45,V45,,AG45,AK45,) -> 20
B46: AIPXS/XR/MAX(리패) | C46: 19 | D46: 19 | E46: 12 | F46: 23 | G46: 23 | H46: 15 | I46: 19 | J46: 19 | K46: 12 | L46: 23 | M46: 23 | N46: 15 | AM46: =SUM(C46,AB46) -> 19 | AN46: =SUM(D46,AC46) -> 19 | AO46: =SUM(E46,AD46) -> 12 | AP46: =SUM(F46,AE46,AI46,) -> 23 | AQ46: =SUM(G46,AF46,AJ46,) -> 23 | AR46: =SUM(H46,AG46,AK46,) -> 15 | AS46: =SUM(F46,P46,T46,,AE46,AI46,) -> 23 | AT46: =SUM(G46,Q46,U46,,AF46,AJ46,) -> 23 | AU46: =SUM(H46,R46,V46,,AG46,AK46,) -> 15
B47: 아이폰7(P) | C47: 19 | D47: 19 | E47: 12 | F47: 23 | G47: 23 | H47: 15 | I47: 19 | J47: 19 | K47: 12 | L47: 23 | M47: 23 | N47: 15 | AB47: 7 | AC47: 7 | AE47: 14 | AF47: 14 | AM47: =SUM(C47,AB47) -> 26 | AN47: =SUM(D47,AC47) -> 26 | AO47: =SUM(E47,AD47) -> 12 | AP47: =SUM(F47,AE47,AI47,) -> 37 | AQ47: =SUM(G47,AF47,AJ47,) -> 37 | AR47: =SUM(H47,AG47,AK47,) -> 15 | AS47: =SUM(F47,P47,T47,,AE47,AI47,) -> 37 | AT47: =SUM(G47,Q47,U47,,AF47,AJ47,) -> 37 | AU47: =SUM(H47,R47,V47,,AG47,AK47,) -> 15
B48: 아이폰8(P) | C48: 19 | D48: 19 | E48: 12 | F48: 23 | G48: 23 | H48: 15 | I48: 19 | J48: 19 | K48: 12 | L48: 23 | M48: 23 | N48: 15 | P48: 13 | Q48: 13 | R48: 5 | AM48: =SUM(C48,AB48) -> 19 | AN48: =SUM(D48,AC48) -> 19 | AO48: =SUM(E48,AD48) -> 12 | AP48: =SUM(F48,AE48,AI48,) -> 23 | AQ48: =SUM(G48,AF48,AJ48,) -> 23 | AR48: =SUM(H48,AG48,AK48,) -> 15 | AS48: =SUM(F48,P48,T48,,AE48,AI48,) -> 36 | AT48: =SUM(G48,Q48,U48,,AF48,AJ48,) -> 36 | AU48: =SUM(H48,R48,V48,,AG48,AK48,) -> 20
B49: 아이폰X | C49: 19 | D49: 19 | E49: 12 | F49: 23 | G49: 23 | H49: 15 | I49: 19 | J49: 19 | K49: 12 | L49: 23 | M49: 23 | N49: 15 | P49: 13 | Q49: 13 | R49: 5 | AM49: =SUM(C49,AB49) -> 19 | AN49: =SUM(D49,AC49) -> 19 | AO49: =SUM(E49,AD49) -> 12 | AP49: =SUM(F49,AE49,AI49,) -> 23 | AQ49: =SUM(G49,AF49,AJ49,) -> 23 | AR49: =SUM(H49,AG49,AK49,) -> 15 | AS49: =SUM(F49,P49,T49,,AE49,AI49,) -> 36 | AT49: =SUM(G49,Q49,U49,,AF49,AJ49,) -> 36 | AU49: =SUM(H49,R49,V49,,AG49,AK49,) -> 20
B50: WAS-LX2J(B) | AM50: =SUM(C50,AB50) -> 0 | AN50: =SUM(D50,AC50) -> 0 | AO50: =SUM(E50,AD50) -> 0 | AP50: =SUM(F50,AE50,AI50,) -> 0 | AQ50: =SUM(G50,AF50,AJ50,) -> 0 | AR50: =SUM(H50,AG50,AK50,) -> 0 | AS50: =SUM(F50,P50,T50,,AE50,AI50,) -> 0 | AT50: =SUM(G50,Q50,U50,,AF50,AJ50,) -> 0 | AU50: =SUM(H50,R50,V50,,AG50,AK50,) -> 0
B51: HW-ANE-LX2J | C51: 18 | D51: 18 | E51: 10 | F51: 18 | G51: 18 | H51: 10 | I51: 18 | J51: 18 | K51: 10 | L51: 18 | M51: 18 | N51: 10 | AM51: =SUM(C51,AB51) -> 18 | AN51: =SUM(D51,AC51) -> 18 | AO51: =SUM(E51,AD51) -> 10 | AP51: =SUM(F51,AE51,AI51,) -> 18 | AQ51: =SUM(G51,AF51,AJ51,) -> 18 | AR51: =SUM(H51,AG51,AK51,) -> 10 | AS51: =SUM(F51,P51,T51,,AE51,AI51,) -> 18 | AT51: =SUM(G51,Q51,U51,,AF51,AJ51,) -> 18 | AU51: =SUM(H51,R51,V51,,AG51,AK51,) -> 10
